slice_file_name,fold,classID,class
augmented_0_split_10_0.wav,16,1,0
augmented_0_split_10_1.wav,16,1,0
augmented_0_split_10_2.wav,16,1,0
augmented_0_split_11_0.wav,16,1,0
augmented_0_split_11_1.wav,16,1,0
augmented_0_split_11_2.wav,16,1,0
augmented_0_split_12_0.wav,16,1,0
augmented_0_split_12_1.wav,16,1,0
augmented_0_split_12_2.wav,16,1,0
augmented_0_split_13_0.wav,16,1,0
augmented_0_split_13_1.wav,16,1,0
augmented_0_split_13_2.wav,16,1,0
augmented_0_split_14_0.wav,16,1,0
augmented_0_split_14_1.wav,16,1,0
augmented_0_split_14_2.wav,16,1,0
augmented_0_split_15_0.wav,16,1,0
augmented_0_split_15_1.wav,16,1,0
augmented_0_split_15_2.wav,16,1,0
augmented_0_split_16_0.wav,16,1,0
augmented_0_split_16_1.wav,16,1,0
augmented_0_split_16_2.wav,16,1,0
augmented_0_split_17_0.wav,16,1,0
augmented_0_split_17_1.wav,16,1,0
augmented_0_split_17_2.wav,16,1,0
augmented_0_split_18_0.wav,16,1,0
augmented_0_split_18_1.wav,16,1,0
augmented_0_split_18_2.wav,16,1,0
augmented_0_split_19_0.wav,16,1,0
augmented_0_split_19_1.wav,16,1,0
augmented_0_split_19_2.wav,16,1,0
augmented_0_split_1_0.wav,16,1,0
augmented_0_split_1_1.wav,16,1,0
augmented_0_split_1_2.wav,16,1,0
augmented_0_split_20_0.wav,16,1,0
augmented_0_split_20_1.wav,16,1,0
augmented_0_split_20_2.wav,16,1,0
augmented_0_split_21_0.wav,16,1,0
augmented_0_split_21_1.wav,16,1,0
augmented_0_split_21_2.wav,16,1,0
augmented_0_split_22_0.wav,16,1,0
augmented_0_split_22_1.wav,16,1,0
augmented_0_split_22_2.wav,16,1,0
augmented_0_split_23_0.wav,16,1,0
augmented_0_split_23_1.wav,16,1,0
augmented_0_split_23_2.wav,16,1,0
augmented_0_split_24_0.wav,16,1,0
augmented_0_split_24_1.wav,16,1,0
augmented_0_split_24_2.wav,16,1,0
augmented_0_split_25_0.wav,16,1,0
augmented_0_split_25_1.wav,16,1,0
augmented_0_split_25_2.wav,16,1,0
augmented_0_split_2_0.wav,16,1,0
augmented_0_split_2_1.wav,16,1,0
augmented_0_split_2_2.wav,16,1,0
augmented_0_split_3_0.wav,16,1,0
augmented_0_split_3_1.wav,16,1,0
augmented_0_split_3_2.wav,16,1,0
augmented_0_split_4_0.wav,16,1,0
augmented_0_split_4_1.wav,16,1,0
augmented_0_split_4_2.wav,16,1,0
augmented_0_split_5_0.wav,16,1,0
augmented_0_split_5_1.wav,16,1,0
augmented_0_split_5_2.wav,16,1,0
augmented_0_split_6_0.wav,16,1,0
augmented_0_split_6_1.wav,16,1,0
augmented_0_split_6_2.wav,16,1,0
augmented_0_split_7_0.wav,16,1,0
augmented_0_split_7_1.wav,16,1,0
augmented_0_split_7_2.wav,16,1,0
augmented_0_split_8_0.wav,16,1,0
augmented_0_split_8_1.wav,16,1,0
augmented_0_split_8_2.wav,16,1,0
augmented_0_split_9_0.wav,16,1,0
augmented_0_split_9_1.wav,16,1,0
augmented_0_split_9_2.wav,16,1,0
augmented_1_split_10_0.wav,16,2,1
augmented_1_split_10_1.wav,16,2,1
augmented_1_split_10_2.wav,16,2,1
augmented_1_split_11_0.wav,16,2,1
augmented_1_split_11_1.wav,16,2,1
augmented_1_split_11_2.wav,16,2,1
augmented_1_split_12_0.wav,16,2,1
augmented_1_split_12_1.wav,16,2,1
augmented_1_split_12_2.wav,16,2,1
augmented_1_split_13_0.wav,16,2,1
augmented_1_split_13_1.wav,16,2,1
augmented_1_split_13_2.wav,16,2,1
augmented_1_split_14_0.wav,16,2,1
augmented_1_split_14_1.wav,16,2,1
augmented_1_split_14_2.wav,16,2,1
augmented_1_split_15_0.wav,16,2,1
augmented_1_split_15_1.wav,16,2,1
augmented_1_split_15_2.wav,16,2,1
augmented_1_split_16_0.wav,16,2,1
augmented_1_split_16_1.wav,16,2,1
augmented_1_split_16_2.wav,16,2,1
augmented_1_split_17_0.wav,16,2,1
augmented_1_split_17_1.wav,16,2,1
augmented_1_split_17_2.wav,16,2,1
augmented_1_split_18_0.wav,16,2,1
augmented_1_split_18_1.wav,16,2,1
augmented_1_split_18_2.wav,16,2,1
augmented_1_split_19_0.wav,16,2,1
augmented_1_split_19_1.wav,16,2,1
augmented_1_split_19_2.wav,16,2,1
augmented_1_split_1_0.wav,16,2,1
augmented_1_split_1_1.wav,16,2,1
augmented_1_split_1_2.wav,16,2,1
augmented_1_split_20_0.wav,16,2,1
augmented_1_split_20_1.wav,16,2,1
augmented_1_split_20_2.wav,16,2,1
augmented_1_split_21_0.wav,16,2,1
augmented_1_split_21_1.wav,16,2,1
augmented_1_split_21_2.wav,16,2,1
augmented_1_split_22_0.wav,16,2,1
augmented_1_split_22_1.wav,16,2,1
augmented_1_split_22_2.wav,16,2,1
augmented_1_split_23_0.wav,16,2,1
augmented_1_split_23_1.wav,16,2,1
augmented_1_split_23_2.wav,16,2,1
augmented_1_split_24_0.wav,16,2,1
augmented_1_split_24_1.wav,16,2,1
augmented_1_split_24_2.wav,16,2,1
augmented_1_split_25_0.wav,16,2,1
augmented_1_split_25_1.wav,16,2,1
augmented_1_split_25_2.wav,16,2,1
augmented_1_split_2_0.wav,16,2,1
augmented_1_split_2_1.wav,16,2,1
augmented_1_split_2_2.wav,16,2,1
augmented_1_split_3_0.wav,16,2,1
augmented_1_split_3_1.wav,16,2,1
augmented_1_split_3_2.wav,16,2,1
augmented_1_split_4_0.wav,16,2,1
augmented_1_split_4_1.wav,16,2,1
augmented_1_split_4_2.wav,16,2,1
augmented_1_split_5_0.wav,16,2,1
augmented_1_split_5_1.wav,16,2,1
augmented_1_split_5_2.wav,16,2,1
augmented_1_split_6_0.wav,16,2,1
augmented_1_split_6_1.wav,16,2,1
augmented_1_split_6_2.wav,16,2,1
augmented_1_split_7_0.wav,16,2,1
augmented_1_split_7_1.wav,16,2,1
augmented_1_split_7_2.wav,16,2,1
augmented_1_split_8_0.wav,16,2,1
augmented_1_split_8_1.wav,16,2,1
augmented_1_split_8_2.wav,16,2,1
augmented_1_split_9_0.wav,16,2,1
augmented_1_split_9_1.wav,16,2,1
augmented_1_split_9_2.wav,16,2,1
augmented_2_split_10_0.wav,16,3,2
augmented_2_split_10_1.wav,16,3,2
augmented_2_split_10_2.wav,16,3,2
augmented_2_split_11_0.wav,16,3,2
augmented_2_split_11_1.wav,16,3,2
augmented_2_split_11_2.wav,16,3,2
augmented_2_split_12_0.wav,16,3,2
augmented_2_split_12_1.wav,16,3,2
augmented_2_split_12_2.wav,16,3,2
augmented_2_split_13_0.wav,16,3,2
augmented_2_split_13_1.wav,16,3,2
augmented_2_split_13_2.wav,16,3,2
augmented_2_split_14_0.wav,16,3,2
augmented_2_split_14_1.wav,16,3,2
augmented_2_split_14_2.wav,16,3,2
augmented_2_split_15_0.wav,16,3,2
augmented_2_split_15_1.wav,16,3,2
augmented_2_split_15_2.wav,16,3,2
augmented_2_split_16_0.wav,16,3,2
augmented_2_split_16_1.wav,16,3,2
augmented_2_split_16_2.wav,16,3,2
augmented_2_split_17_0.wav,16,3,2
augmented_2_split_17_1.wav,16,3,2
augmented_2_split_17_2.wav,16,3,2
augmented_2_split_18_0.wav,16,3,2
augmented_2_split_18_1.wav,16,3,2
augmented_2_split_18_2.wav,16,3,2
augmented_2_split_19_0.wav,16,3,2
augmented_2_split_19_1.wav,16,3,2
augmented_2_split_19_2.wav,16,3,2
augmented_2_split_1_0.wav,16,3,2
augmented_2_split_1_1.wav,16,3,2
augmented_2_split_1_2.wav,16,3,2
augmented_2_split_20_0.wav,16,3,2
augmented_2_split_20_1.wav,16,3,2
augmented_2_split_20_2.wav,16,3,2
augmented_2_split_21_0.wav,16,3,2
augmented_2_split_21_1.wav,16,3,2
augmented_2_split_21_2.wav,16,3,2
augmented_2_split_22_0.wav,16,3,2
augmented_2_split_22_1.wav,16,3,2
augmented_2_split_22_2.wav,16,3,2
augmented_2_split_23_0.wav,16,3,2
augmented_2_split_23_1.wav,16,3,2
augmented_2_split_23_2.wav,16,3,2
augmented_2_split_24_0.wav,16,3,2
augmented_2_split_24_1.wav,16,3,2
augmented_2_split_24_2.wav,16,3,2
augmented_2_split_25_0.wav,16,3,2
augmented_2_split_25_1.wav,16,3,2
augmented_2_split_25_2.wav,16,3,2
augmented_2_split_2_0.wav,16,3,2
augmented_2_split_2_1.wav,16,3,2
augmented_2_split_2_2.wav,16,3,2
augmented_2_split_3_0.wav,16,3,2
augmented_2_split_3_1.wav,16,3,2
augmented_2_split_3_2.wav,16,3,2
augmented_2_split_4_0.wav,16,3,2
augmented_2_split_4_1.wav,16,3,2
augmented_2_split_4_2.wav,16,3,2
augmented_2_split_5_0.wav,16,3,2
augmented_2_split_5_1.wav,16,3,2
augmented_2_split_5_2.wav,16,3,2
augmented_2_split_6_0.wav,16,3,2
augmented_2_split_6_1.wav,16,3,2
augmented_2_split_6_2.wav,16,3,2
augmented_2_split_7_0.wav,16,3,2
augmented_2_split_7_1.wav,16,3,2
augmented_2_split_7_2.wav,16,3,2
augmented_2_split_8_0.wav,16,3,2
augmented_2_split_8_1.wav,16,3,2
augmented_2_split_8_2.wav,16,3,2
augmented_2_split_9_0.wav,16,3,2
augmented_2_split_9_1.wav,16,3,2
augmented_2_split_9_2.wav,16,3,2
augmented_3_split_10_0.wav,16,4,3
augmented_3_split_10_1.wav,16,4,3
augmented_3_split_10_2.wav,16,4,3
augmented_3_split_11_0.wav,16,4,3
augmented_3_split_11_1.wav,16,4,3
augmented_3_split_11_2.wav,16,4,3
augmented_3_split_12_0.wav,16,4,3
augmented_3_split_12_1.wav,16,4,3
augmented_3_split_12_2.wav,16,4,3
augmented_3_split_13_0.wav,16,4,3
augmented_3_split_13_1.wav,16,4,3
augmented_3_split_13_2.wav,16,4,3
augmented_3_split_14_0.wav,16,4,3
augmented_3_split_14_1.wav,16,4,3
augmented_3_split_14_2.wav,16,4,3
augmented_3_split_15_0.wav,16,4,3
augmented_3_split_15_1.wav,16,4,3
augmented_3_split_15_2.wav,16,4,3
augmented_3_split_16_0.wav,16,4,3
augmented_3_split_16_1.wav,16,4,3
augmented_3_split_16_2.wav,16,4,3
augmented_3_split_17_0.wav,16,4,3
augmented_3_split_17_1.wav,16,4,3
augmented_3_split_17_2.wav,16,4,3
augmented_3_split_18_0.wav,16,4,3
augmented_3_split_18_1.wav,16,4,3
augmented_3_split_18_2.wav,16,4,3
augmented_3_split_19_0.wav,16,4,3
augmented_3_split_19_1.wav,16,4,3
augmented_3_split_19_2.wav,16,4,3
augmented_3_split_1_0.wav,16,4,3
augmented_3_split_1_1.wav,16,4,3
augmented_3_split_1_2.wav,16,4,3
augmented_3_split_20_0.wav,16,4,3
augmented_3_split_20_1.wav,16,4,3
augmented_3_split_20_2.wav,16,4,3
augmented_3_split_21_0.wav,16,4,3
augmented_3_split_21_1.wav,16,4,3
augmented_3_split_21_2.wav,16,4,3
augmented_3_split_22_0.wav,16,4,3
augmented_3_split_22_1.wav,16,4,3
augmented_3_split_22_2.wav,16,4,3
augmented_3_split_23_0.wav,16,4,3
augmented_3_split_23_1.wav,16,4,3
augmented_3_split_23_2.wav,16,4,3
augmented_3_split_24_0.wav,16,4,3
augmented_3_split_24_1.wav,16,4,3
augmented_3_split_24_2.wav,16,4,3
augmented_3_split_25_0.wav,16,4,3
augmented_3_split_25_1.wav,16,4,3
augmented_3_split_25_2.wav,16,4,3
augmented_3_split_2_0.wav,16,4,3
augmented_3_split_2_1.wav,16,4,3
augmented_3_split_2_2.wav,16,4,3
augmented_3_split_3_0.wav,16,4,3
augmented_3_split_3_1.wav,16,4,3
augmented_3_split_3_2.wav,16,4,3
augmented_3_split_4_0.wav,16,4,3
augmented_3_split_4_1.wav,16,4,3
augmented_3_split_4_2.wav,16,4,3
augmented_3_split_5_0.wav,16,4,3
augmented_3_split_5_1.wav,16,4,3
augmented_3_split_5_2.wav,16,4,3
augmented_3_split_6_0.wav,16,4,3
augmented_3_split_6_1.wav,16,4,3
augmented_3_split_6_2.wav,16,4,3
augmented_3_split_7_0.wav,16,4,3
augmented_3_split_7_1.wav,16,4,3
augmented_3_split_7_2.wav,16,4,3
augmented_3_split_8_0.wav,16,4,3
augmented_3_split_8_1.wav,16,4,3
augmented_3_split_8_2.wav,16,4,3
augmented_3_split_9_0.wav,16,4,3
augmented_3_split_9_1.wav,16,4,3
augmented_3_split_9_2.wav,16,4,3
augmented_4_split_10_0.wav,16,5,4
augmented_4_split_10_1.wav,16,5,4
augmented_4_split_10_2.wav,16,5,4
augmented_4_split_11_0.wav,16,5,4
augmented_4_split_11_1.wav,16,5,4
augmented_4_split_11_2.wav,16,5,4
augmented_4_split_12_0.wav,16,5,4
augmented_4_split_12_1.wav,16,5,4
augmented_4_split_12_2.wav,16,5,4
augmented_4_split_13_0.wav,16,5,4
augmented_4_split_13_1.wav,16,5,4
augmented_4_split_13_2.wav,16,5,4
augmented_4_split_14_0.wav,16,5,4
augmented_4_split_14_1.wav,16,5,4
augmented_4_split_14_2.wav,16,5,4
augmented_4_split_15_0.wav,16,5,4
augmented_4_split_15_1.wav,16,5,4
augmented_4_split_15_2.wav,16,5,4
augmented_4_split_16_0.wav,16,5,4
augmented_4_split_16_1.wav,16,5,4
augmented_4_split_16_2.wav,16,5,4
augmented_4_split_17_0.wav,16,5,4
augmented_4_split_17_1.wav,16,5,4
augmented_4_split_17_2.wav,16,5,4
augmented_4_split_18_0.wav,16,5,4
augmented_4_split_18_1.wav,16,5,4
augmented_4_split_18_2.wav,16,5,4
augmented_4_split_19_0.wav,16,5,4
augmented_4_split_19_1.wav,16,5,4
augmented_4_split_19_2.wav,16,5,4
augmented_4_split_1_0.wav,16,5,4
augmented_4_split_1_1.wav,16,5,4
augmented_4_split_1_2.wav,16,5,4
augmented_4_split_20_0.wav,16,5,4
augmented_4_split_20_1.wav,16,5,4
augmented_4_split_20_2.wav,16,5,4
augmented_4_split_21_0.wav,16,5,4
augmented_4_split_21_1.wav,16,5,4
augmented_4_split_21_2.wav,16,5,4
augmented_4_split_22_0.wav,16,5,4
augmented_4_split_22_1.wav,16,5,4
augmented_4_split_22_2.wav,16,5,4
augmented_4_split_23_0.wav,16,5,4
augmented_4_split_23_1.wav,16,5,4
augmented_4_split_23_2.wav,16,5,4
augmented_4_split_24_0.wav,16,5,4
augmented_4_split_24_1.wav,16,5,4
augmented_4_split_24_2.wav,16,5,4
augmented_4_split_25_0.wav,16,5,4
augmented_4_split_25_1.wav,16,5,4
augmented_4_split_25_2.wav,16,5,4
augmented_4_split_2_0.wav,16,5,4
augmented_4_split_2_1.wav,16,5,4
augmented_4_split_2_2.wav,16,5,4
augmented_4_split_3_0.wav,16,5,4
augmented_4_split_3_1.wav,16,5,4
augmented_4_split_3_2.wav,16,5,4
augmented_4_split_4_0.wav,16,5,4
augmented_4_split_4_1.wav,16,5,4
augmented_4_split_4_2.wav,16,5,4
augmented_4_split_5_0.wav,16,5,4
augmented_4_split_5_1.wav,16,5,4
augmented_4_split_5_2.wav,16,5,4
augmented_4_split_6_0.wav,16,5,4
augmented_4_split_6_1.wav,16,5,4
augmented_4_split_6_2.wav,16,5,4
augmented_4_split_7_0.wav,16,5,4
augmented_4_split_7_1.wav,16,5,4
augmented_4_split_7_2.wav,16,5,4
augmented_4_split_8_0.wav,16,5,4
augmented_4_split_8_1.wav,16,5,4
augmented_4_split_8_2.wav,16,5,4
augmented_4_split_9_0.wav,16,5,4
augmented_4_split_9_1.wav,16,5,4
augmented_4_split_9_2.wav,16,5,4
augmented_5_split_10_0.wav,16,6,5
augmented_5_split_10_1.wav,16,6,5
augmented_5_split_10_2.wav,16,6,5
augmented_5_split_11_0.wav,16,6,5
augmented_5_split_11_1.wav,16,6,5
augmented_5_split_11_2.wav,16,6,5
augmented_5_split_12_0.wav,16,6,5
augmented_5_split_12_1.wav,16,6,5
augmented_5_split_12_2.wav,16,6,5
augmented_5_split_13_0.wav,16,6,5
augmented_5_split_13_1.wav,16,6,5
augmented_5_split_13_2.wav,16,6,5
augmented_5_split_14_0.wav,16,6,5
augmented_5_split_14_1.wav,16,6,5
augmented_5_split_14_2.wav,16,6,5
augmented_5_split_15_0.wav,16,6,5
augmented_5_split_15_1.wav,16,6,5
augmented_5_split_15_2.wav,16,6,5
augmented_5_split_16_0.wav,16,6,5
augmented_5_split_16_1.wav,16,6,5
augmented_5_split_16_2.wav,16,6,5
augmented_5_split_17_0.wav,16,6,5
augmented_5_split_17_1.wav,16,6,5
augmented_5_split_17_2.wav,16,6,5
augmented_5_split_18_0.wav,16,6,5
augmented_5_split_18_1.wav,16,6,5
augmented_5_split_18_2.wav,16,6,5
augmented_5_split_19_0.wav,16,6,5
augmented_5_split_19_1.wav,16,6,5
augmented_5_split_19_2.wav,16,6,5
augmented_5_split_1_0.wav,16,6,5
augmented_5_split_1_1.wav,16,6,5
augmented_5_split_1_2.wav,16,6,5
augmented_5_split_20_0.wav,16,6,5
augmented_5_split_20_1.wav,16,6,5
augmented_5_split_20_2.wav,16,6,5
augmented_5_split_21_0.wav,16,6,5
augmented_5_split_21_1.wav,16,6,5
augmented_5_split_21_2.wav,16,6,5
augmented_5_split_22_0.wav,16,6,5
augmented_5_split_22_1.wav,16,6,5
augmented_5_split_22_2.wav,16,6,5
augmented_5_split_23_0.wav,16,6,5
augmented_5_split_23_1.wav,16,6,5
augmented_5_split_23_2.wav,16,6,5
augmented_5_split_24_0.wav,16,6,5
augmented_5_split_24_1.wav,16,6,5
augmented_5_split_24_2.wav,16,6,5
augmented_5_split_25_0.wav,16,6,5
augmented_5_split_25_1.wav,16,6,5
augmented_5_split_25_2.wav,16,6,5
augmented_5_split_2_0.wav,16,6,5
augmented_5_split_2_1.wav,16,6,5
augmented_5_split_2_2.wav,16,6,5
augmented_5_split_3_0.wav,16,6,5
augmented_5_split_3_1.wav,16,6,5
augmented_5_split_3_2.wav,16,6,5
augmented_5_split_4_0.wav,16,6,5
augmented_5_split_4_1.wav,16,6,5
augmented_5_split_4_2.wav,16,6,5
augmented_5_split_5_0.wav,16,6,5
augmented_5_split_5_1.wav,16,6,5
augmented_5_split_5_2.wav,16,6,5
augmented_5_split_6_0.wav,16,6,5
augmented_5_split_6_1.wav,16,6,5
augmented_5_split_6_2.wav,16,6,5
augmented_5_split_7_0.wav,16,6,5
augmented_5_split_7_1.wav,16,6,5
augmented_5_split_7_2.wav,16,6,5
augmented_5_split_8_0.wav,16,6,5
augmented_5_split_8_1.wav,16,6,5
augmented_5_split_8_2.wav,16,6,5
augmented_5_split_9_0.wav,16,6,5
augmented_5_split_9_1.wav,16,6,5
augmented_5_split_9_2.wav,16,6,5
augmented_6_split_10_0.wav,16,7,6
augmented_6_split_10_1.wav,16,7,6
augmented_6_split_10_2.wav,16,7,6
augmented_6_split_11_0.wav,16,7,6
augmented_6_split_11_1.wav,16,7,6
augmented_6_split_11_2.wav,16,7,6
augmented_6_split_12_0.wav,16,7,6
augmented_6_split_12_1.wav,16,7,6
augmented_6_split_12_2.wav,16,7,6
augmented_6_split_13_0.wav,16,7,6
augmented_6_split_13_1.wav,16,7,6
augmented_6_split_13_2.wav,16,7,6
augmented_6_split_14_0.wav,16,7,6
augmented_6_split_14_1.wav,16,7,6
augmented_6_split_14_2.wav,16,7,6
augmented_6_split_15_0.wav,16,7,6
augmented_6_split_15_1.wav,16,7,6
augmented_6_split_15_2.wav,16,7,6
augmented_6_split_16_0.wav,16,7,6
augmented_6_split_16_1.wav,16,7,6
augmented_6_split_16_2.wav,16,7,6
augmented_6_split_17_0.wav,16,7,6
augmented_6_split_17_1.wav,16,7,6
augmented_6_split_17_2.wav,16,7,6
augmented_6_split_18_0.wav,16,7,6
augmented_6_split_18_1.wav,16,7,6
augmented_6_split_18_2.wav,16,7,6
augmented_6_split_19_0.wav,16,7,6
augmented_6_split_19_1.wav,16,7,6
augmented_6_split_19_2.wav,16,7,6
augmented_6_split_1_0.wav,16,7,6
augmented_6_split_1_1.wav,16,7,6
augmented_6_split_1_2.wav,16,7,6
augmented_6_split_20_0.wav,16,7,6
augmented_6_split_20_1.wav,16,7,6
augmented_6_split_20_2.wav,16,7,6
augmented_6_split_21_0.wav,16,7,6
augmented_6_split_21_1.wav,16,7,6
augmented_6_split_21_2.wav,16,7,6
augmented_6_split_22_0.wav,16,7,6
augmented_6_split_22_1.wav,16,7,6
augmented_6_split_22_2.wav,16,7,6
augmented_6_split_23_0.wav,16,7,6
augmented_6_split_23_1.wav,16,7,6
augmented_6_split_23_2.wav,16,7,6
augmented_6_split_24_0.wav,16,7,6
augmented_6_split_24_1.wav,16,7,6
augmented_6_split_24_2.wav,16,7,6
augmented_6_split_25_0.wav,16,7,6
augmented_6_split_25_1.wav,16,7,6
augmented_6_split_25_2.wav,16,7,6
augmented_6_split_2_0.wav,16,7,6
augmented_6_split_2_1.wav,16,7,6
augmented_6_split_2_2.wav,16,7,6
augmented_6_split_3_0.wav,16,7,6
augmented_6_split_3_1.wav,16,7,6
augmented_6_split_3_2.wav,16,7,6
augmented_6_split_4_0.wav,16,7,6
augmented_6_split_4_1.wav,16,7,6
augmented_6_split_4_2.wav,16,7,6
augmented_6_split_5_0.wav,16,7,6
augmented_6_split_5_1.wav,16,7,6
augmented_6_split_5_2.wav,16,7,6
augmented_6_split_6_0.wav,16,7,6
augmented_6_split_6_1.wav,16,7,6
augmented_6_split_6_2.wav,16,7,6
augmented_6_split_7_0.wav,16,7,6
augmented_6_split_7_1.wav,16,7,6
augmented_6_split_7_2.wav,16,7,6
augmented_6_split_8_0.wav,16,7,6
augmented_6_split_8_1.wav,16,7,6
augmented_6_split_8_2.wav,16,7,6
augmented_6_split_9_0.wav,16,7,6
augmented_6_split_9_1.wav,16,7,6
augmented_6_split_9_2.wav,16,7,6
augmented_7_split_10_0.wav,16,8,7
augmented_7_split_10_1.wav,16,8,7
augmented_7_split_10_2.wav,16,8,7
augmented_7_split_11_0.wav,16,8,7
augmented_7_split_11_1.wav,16,8,7
augmented_7_split_11_2.wav,16,8,7
augmented_7_split_12_0.wav,16,8,7
augmented_7_split_12_1.wav,16,8,7
augmented_7_split_12_2.wav,16,8,7
augmented_7_split_13_0.wav,16,8,7
augmented_7_split_13_1.wav,16,8,7
augmented_7_split_13_2.wav,16,8,7
augmented_7_split_14_0.wav,16,8,7
augmented_7_split_14_1.wav,16,8,7
augmented_7_split_14_2.wav,16,8,7
augmented_7_split_15_0.wav,16,8,7
augmented_7_split_15_1.wav,16,8,7
augmented_7_split_15_2.wav,16,8,7
augmented_7_split_16_0.wav,16,8,7
augmented_7_split_16_1.wav,16,8,7
augmented_7_split_16_2.wav,16,8,7
augmented_7_split_17_0.wav,16,8,7
augmented_7_split_17_1.wav,16,8,7
augmented_7_split_17_2.wav,16,8,7
augmented_7_split_18_0.wav,16,8,7
augmented_7_split_18_1.wav,16,8,7
augmented_7_split_18_2.wav,16,8,7
augmented_7_split_19_0.wav,16,8,7
augmented_7_split_19_1.wav,16,8,7
augmented_7_split_19_2.wav,16,8,7
augmented_7_split_1_0.wav,16,8,7
augmented_7_split_1_1.wav,16,8,7
augmented_7_split_1_2.wav,16,8,7
augmented_7_split_20_0.wav,16,8,7
augmented_7_split_20_1.wav,16,8,7
augmented_7_split_20_2.wav,16,8,7
augmented_7_split_21_0.wav,16,8,7
augmented_7_split_21_1.wav,16,8,7
augmented_7_split_21_2.wav,16,8,7
augmented_7_split_22_0.wav,16,8,7
augmented_7_split_22_1.wav,16,8,7
augmented_7_split_22_2.wav,16,8,7
augmented_7_split_23_0.wav,16,8,7
augmented_7_split_23_1.wav,16,8,7
augmented_7_split_23_2.wav,16,8,7
augmented_7_split_24_0.wav,16,8,7
augmented_7_split_24_1.wav,16,8,7
augmented_7_split_24_2.wav,16,8,7
augmented_7_split_25_0.wav,16,8,7
augmented_7_split_25_1.wav,16,8,7
augmented_7_split_25_2.wav,16,8,7
augmented_7_split_2_0.wav,16,8,7
augmented_7_split_2_1.wav,16,8,7
augmented_7_split_2_2.wav,16,8,7
augmented_7_split_3_0.wav,16,8,7
augmented_7_split_3_1.wav,16,8,7
augmented_7_split_3_2.wav,16,8,7
augmented_7_split_4_0.wav,16,8,7
augmented_7_split_4_1.wav,16,8,7
augmented_7_split_4_2.wav,16,8,7
augmented_7_split_5_0.wav,16,8,7
augmented_7_split_5_1.wav,16,8,7
augmented_7_split_5_2.wav,16,8,7
augmented_7_split_6_0.wav,16,8,7
augmented_7_split_6_1.wav,16,8,7
augmented_7_split_6_2.wav,16,8,7
augmented_7_split_7_0.wav,16,8,7
augmented_7_split_7_1.wav,16,8,7
augmented_7_split_7_2.wav,16,8,7
augmented_7_split_8_0.wav,16,8,7
augmented_7_split_8_1.wav,16,8,7
augmented_7_split_8_2.wav,16,8,7
augmented_7_split_9_0.wav,16,8,7
augmented_7_split_9_1.wav,16,8,7
augmented_7_split_9_2.wav,16,8,7
augmented_8_split_10_0.wav,16,9,8
augmented_8_split_10_1.wav,16,9,8
augmented_8_split_10_2.wav,16,9,8
augmented_8_split_11_0.wav,16,9,8
augmented_8_split_11_1.wav,16,9,8
augmented_8_split_11_2.wav,16,9,8
augmented_8_split_12_0.wav,16,9,8
augmented_8_split_12_1.wav,16,9,8
augmented_8_split_12_2.wav,16,9,8
augmented_8_split_13_0.wav,16,9,8
augmented_8_split_13_1.wav,16,9,8
augmented_8_split_13_2.wav,16,9,8
augmented_8_split_14_0.wav,16,9,8
augmented_8_split_14_1.wav,16,9,8
augmented_8_split_14_2.wav,16,9,8
augmented_8_split_15_0.wav,16,9,8
augmented_8_split_15_1.wav,16,9,8
augmented_8_split_15_2.wav,16,9,8
augmented_8_split_16_0.wav,16,9,8
augmented_8_split_16_1.wav,16,9,8
augmented_8_split_16_2.wav,16,9,8
augmented_8_split_17_0.wav,16,9,8
augmented_8_split_17_1.wav,16,9,8
augmented_8_split_17_2.wav,16,9,8
augmented_8_split_18_0.wav,16,9,8
augmented_8_split_18_1.wav,16,9,8
augmented_8_split_18_2.wav,16,9,8
augmented_8_split_19_0.wav,16,9,8
augmented_8_split_19_1.wav,16,9,8
augmented_8_split_19_2.wav,16,9,8
augmented_8_split_1_0.wav,16,9,8
augmented_8_split_1_1.wav,16,9,8
augmented_8_split_1_2.wav,16,9,8
augmented_8_split_20_0.wav,16,9,8
augmented_8_split_20_1.wav,16,9,8
augmented_8_split_20_2.wav,16,9,8
augmented_8_split_21_0.wav,16,9,8
augmented_8_split_21_1.wav,16,9,8
augmented_8_split_21_2.wav,16,9,8
augmented_8_split_22_0.wav,16,9,8
augmented_8_split_22_1.wav,16,9,8
augmented_8_split_22_2.wav,16,9,8
augmented_8_split_23_0.wav,16,9,8
augmented_8_split_23_1.wav,16,9,8
augmented_8_split_23_2.wav,16,9,8
augmented_8_split_24_0.wav,16,9,8
augmented_8_split_24_1.wav,16,9,8
augmented_8_split_24_2.wav,16,9,8
augmented_8_split_25_0.wav,16,9,8
augmented_8_split_25_1.wav,16,9,8
augmented_8_split_25_2.wav,16,9,8
augmented_8_split_2_0.wav,16,9,8
augmented_8_split_2_1.wav,16,9,8
augmented_8_split_2_2.wav,16,9,8
augmented_8_split_3_0.wav,16,9,8
augmented_8_split_3_1.wav,16,9,8
augmented_8_split_3_2.wav,16,9,8
augmented_8_split_4_0.wav,16,9,8
augmented_8_split_4_1.wav,16,9,8
augmented_8_split_4_2.wav,16,9,8
augmented_8_split_5_0.wav,16,9,8
augmented_8_split_5_1.wav,16,9,8
augmented_8_split_5_2.wav,16,9,8
augmented_8_split_6_0.wav,16,9,8
augmented_8_split_6_1.wav,16,9,8
augmented_8_split_6_2.wav,16,9,8
augmented_8_split_7_0.wav,16,9,8
augmented_8_split_7_1.wav,16,9,8
augmented_8_split_7_2.wav,16,9,8
augmented_8_split_8_0.wav,16,9,8
augmented_8_split_8_1.wav,16,9,8
augmented_8_split_8_2.wav,16,9,8
augmented_8_split_9_0.wav,16,9,8
augmented_8_split_9_1.wav,16,9,8
augmented_8_split_9_2.wav,16,9,8
augmented_9_split_10_0.wav,16,10,9
augmented_9_split_10_1.wav,16,10,9
augmented_9_split_10_2.wav,16,10,9
augmented_9_split_11_0.wav,16,10,9
augmented_9_split_11_1.wav,16,10,9
augmented_9_split_11_2.wav,16,10,9
augmented_9_split_12_0.wav,16,10,9
augmented_9_split_12_1.wav,16,10,9
augmented_9_split_12_2.wav,16,10,9
augmented_9_split_13_0.wav,16,10,9
augmented_9_split_13_1.wav,16,10,9
augmented_9_split_13_2.wav,16,10,9
augmented_9_split_14_0.wav,16,10,9
augmented_9_split_14_1.wav,16,10,9
augmented_9_split_14_2.wav,16,10,9
augmented_9_split_15_0.wav,16,10,9
augmented_9_split_15_1.wav,16,10,9
augmented_9_split_15_2.wav,16,10,9
augmented_9_split_16_0.wav,16,10,9
augmented_9_split_16_1.wav,16,10,9
augmented_9_split_16_2.wav,16,10,9
augmented_9_split_17_0.wav,16,10,9
augmented_9_split_17_1.wav,16,10,9
augmented_9_split_17_2.wav,16,10,9
augmented_9_split_18_0.wav,16,10,9
augmented_9_split_18_1.wav,16,10,9
augmented_9_split_18_2.wav,16,10,9
augmented_9_split_19_0.wav,16,10,9
augmented_9_split_19_1.wav,16,10,9
augmented_9_split_19_2.wav,16,10,9
augmented_9_split_1_0.wav,16,10,9
augmented_9_split_1_1.wav,16,10,9
augmented_9_split_1_2.wav,16,10,9
augmented_9_split_20_0.wav,16,10,9
augmented_9_split_20_1.wav,16,10,9
augmented_9_split_20_2.wav,16,10,9
augmented_9_split_21_0.wav,16,10,9
augmented_9_split_21_1.wav,16,10,9
augmented_9_split_21_2.wav,16,10,9
augmented_9_split_22_0.wav,16,10,9
augmented_9_split_22_1.wav,16,10,9
augmented_9_split_22_2.wav,16,10,9
augmented_9_split_23_0.wav,16,10,9
augmented_9_split_23_1.wav,16,10,9
augmented_9_split_23_2.wav,16,10,9
augmented_9_split_24_0.wav,16,10,9
augmented_9_split_24_1.wav,16,10,9
augmented_9_split_24_2.wav,16,10,9
augmented_9_split_25_0.wav,16,10,9
augmented_9_split_25_1.wav,16,10,9
augmented_9_split_25_2.wav,16,10,9
augmented_9_split_2_0.wav,16,10,9
augmented_9_split_2_1.wav,16,10,9
augmented_9_split_2_2.wav,16,10,9
augmented_9_split_3_0.wav,16,10,9
augmented_9_split_3_1.wav,16,10,9
augmented_9_split_3_2.wav,16,10,9
augmented_9_split_4_0.wav,16,10,9
augmented_9_split_4_1.wav,16,10,9
augmented_9_split_4_2.wav,16,10,9
augmented_9_split_5_0.wav,16,10,9
augmented_9_split_5_1.wav,16,10,9
augmented_9_split_5_2.wav,16,10,9
augmented_9_split_6_0.wav,16,10,9
augmented_9_split_6_1.wav,16,10,9
augmented_9_split_6_2.wav,16,10,9
augmented_9_split_7_0.wav,16,10,9
augmented_9_split_7_1.wav,16,10,9
augmented_9_split_7_2.wav,16,10,9
augmented_9_split_8_0.wav,16,10,9
augmented_9_split_8_1.wav,16,10,9
augmented_9_split_8_2.wav,16,10,9
augmented_9_split_9_0.wav,16,10,9
augmented_9_split_9_1.wav,16,10,9
augmented_9_split_9_2.wav,16,10,9
augmented_a_split_10_0.wav,16,11,a
augmented_a_split_10_1.wav,16,11,a
augmented_a_split_10_2.wav,16,11,a
augmented_a_split_11_0.wav,16,11,a
augmented_a_split_11_1.wav,16,11,a
augmented_a_split_11_2.wav,16,11,a
augmented_a_split_12_0.wav,16,11,a
augmented_a_split_12_1.wav,16,11,a
augmented_a_split_12_2.wav,16,11,a
augmented_a_split_13_0.wav,16,11,a
augmented_a_split_13_1.wav,16,11,a
augmented_a_split_13_2.wav,16,11,a
augmented_a_split_14_0.wav,16,11,a
augmented_a_split_14_1.wav,16,11,a
augmented_a_split_14_2.wav,16,11,a
augmented_a_split_15_0.wav,16,11,a
augmented_a_split_15_1.wav,16,11,a
augmented_a_split_15_2.wav,16,11,a
augmented_a_split_16_0.wav,16,11,a
augmented_a_split_16_1.wav,16,11,a
augmented_a_split_16_2.wav,16,11,a
augmented_a_split_17_0.wav,16,11,a
augmented_a_split_17_1.wav,16,11,a
augmented_a_split_17_2.wav,16,11,a
augmented_a_split_18_0.wav,16,11,a
augmented_a_split_18_1.wav,16,11,a
augmented_a_split_18_2.wav,16,11,a
augmented_a_split_19_0.wav,16,11,a
augmented_a_split_19_1.wav,16,11,a
augmented_a_split_19_2.wav,16,11,a
augmented_a_split_1_0.wav,16,11,a
augmented_a_split_1_1.wav,16,11,a
augmented_a_split_1_2.wav,16,11,a
augmented_a_split_20_0.wav,16,11,a
augmented_a_split_20_1.wav,16,11,a
augmented_a_split_20_2.wav,16,11,a
augmented_a_split_21_0.wav,16,11,a
augmented_a_split_21_1.wav,16,11,a
augmented_a_split_21_2.wav,16,11,a
augmented_a_split_22_0.wav,16,11,a
augmented_a_split_22_1.wav,16,11,a
augmented_a_split_22_2.wav,16,11,a
augmented_a_split_23_0.wav,16,11,a
augmented_a_split_23_1.wav,16,11,a
augmented_a_split_23_2.wav,16,11,a
augmented_a_split_24_0.wav,16,11,a
augmented_a_split_24_1.wav,16,11,a
augmented_a_split_24_2.wav,16,11,a
augmented_a_split_25_0.wav,16,11,a
augmented_a_split_25_1.wav,16,11,a
augmented_a_split_25_2.wav,16,11,a
augmented_a_split_2_0.wav,16,11,a
augmented_a_split_2_1.wav,16,11,a
augmented_a_split_2_2.wav,16,11,a
augmented_a_split_3_0.wav,16,11,a
augmented_a_split_3_1.wav,16,11,a
augmented_a_split_3_2.wav,16,11,a
augmented_a_split_4_0.wav,16,11,a
augmented_a_split_4_1.wav,16,11,a
augmented_a_split_4_2.wav,16,11,a
augmented_a_split_5_0.wav,16,11,a
augmented_a_split_5_1.wav,16,11,a
augmented_a_split_5_2.wav,16,11,a
augmented_a_split_6_0.wav,16,11,a
augmented_a_split_6_1.wav,16,11,a
augmented_a_split_6_2.wav,16,11,a
augmented_a_split_7_0.wav,16,11,a
augmented_a_split_7_1.wav,16,11,a
augmented_a_split_7_2.wav,16,11,a
augmented_a_split_8_0.wav,16,11,a
augmented_a_split_8_1.wav,16,11,a
augmented_a_split_8_2.wav,16,11,a
augmented_a_split_9_0.wav,16,11,a
augmented_a_split_9_1.wav,16,11,a
augmented_a_split_9_2.wav,16,11,a
augmented_b_split_10_0.wav,16,12,b
augmented_b_split_10_1.wav,16,12,b
augmented_b_split_10_2.wav,16,12,b
augmented_b_split_11_0.wav,16,12,b
augmented_b_split_11_1.wav,16,12,b
augmented_b_split_11_2.wav,16,12,b
augmented_b_split_12_0.wav,16,12,b
augmented_b_split_12_1.wav,16,12,b
augmented_b_split_12_2.wav,16,12,b
augmented_b_split_13_0.wav,16,12,b
augmented_b_split_13_1.wav,16,12,b
augmented_b_split_13_2.wav,16,12,b
augmented_b_split_14_0.wav,16,12,b
augmented_b_split_14_1.wav,16,12,b
augmented_b_split_14_2.wav,16,12,b
augmented_b_split_15_0.wav,16,12,b
augmented_b_split_15_1.wav,16,12,b
augmented_b_split_15_2.wav,16,12,b
augmented_b_split_16_0.wav,16,12,b
augmented_b_split_16_1.wav,16,12,b
augmented_b_split_16_2.wav,16,12,b
augmented_b_split_17_0.wav,16,12,b
augmented_b_split_17_1.wav,16,12,b
augmented_b_split_17_2.wav,16,12,b
augmented_b_split_18_0.wav,16,12,b
augmented_b_split_18_1.wav,16,12,b
augmented_b_split_18_2.wav,16,12,b
augmented_b_split_19_0.wav,16,12,b
augmented_b_split_19_1.wav,16,12,b
augmented_b_split_19_2.wav,16,12,b
augmented_b_split_1_0.wav,16,12,b
augmented_b_split_1_1.wav,16,12,b
augmented_b_split_1_2.wav,16,12,b
augmented_b_split_20_0.wav,16,12,b
augmented_b_split_20_1.wav,16,12,b
augmented_b_split_20_2.wav,16,12,b
augmented_b_split_21_0.wav,16,12,b
augmented_b_split_21_1.wav,16,12,b
augmented_b_split_21_2.wav,16,12,b
augmented_b_split_22_0.wav,16,12,b
augmented_b_split_22_1.wav,16,12,b
augmented_b_split_22_2.wav,16,12,b
augmented_b_split_23_0.wav,16,12,b
augmented_b_split_23_1.wav,16,12,b
augmented_b_split_23_2.wav,16,12,b
augmented_b_split_24_0.wav,16,12,b
augmented_b_split_24_1.wav,16,12,b
augmented_b_split_24_2.wav,16,12,b
augmented_b_split_25_0.wav,16,12,b
augmented_b_split_25_1.wav,16,12,b
augmented_b_split_25_2.wav,16,12,b
augmented_b_split_2_0.wav,16,12,b
augmented_b_split_2_1.wav,16,12,b
augmented_b_split_2_2.wav,16,12,b
augmented_b_split_3_0.wav,16,12,b
augmented_b_split_3_1.wav,16,12,b
augmented_b_split_3_2.wav,16,12,b
augmented_b_split_4_0.wav,16,12,b
augmented_b_split_4_1.wav,16,12,b
augmented_b_split_4_2.wav,16,12,b
augmented_b_split_5_0.wav,16,12,b
augmented_b_split_5_1.wav,16,12,b
augmented_b_split_5_2.wav,16,12,b
augmented_b_split_6_0.wav,16,12,b
augmented_b_split_6_1.wav,16,12,b
augmented_b_split_6_2.wav,16,12,b
augmented_b_split_7_0.wav,16,12,b
augmented_b_split_7_1.wav,16,12,b
augmented_b_split_7_2.wav,16,12,b
augmented_b_split_8_0.wav,16,12,b
augmented_b_split_8_1.wav,16,12,b
augmented_b_split_8_2.wav,16,12,b
augmented_b_split_9_0.wav,16,12,b
augmented_b_split_9_1.wav,16,12,b
augmented_b_split_9_2.wav,16,12,b
augmented_c_split_10_0.wav,16,13,c
augmented_c_split_10_1.wav,16,13,c
augmented_c_split_10_2.wav,16,13,c
augmented_c_split_11_0.wav,16,13,c
augmented_c_split_11_1.wav,16,13,c
augmented_c_split_11_2.wav,16,13,c
augmented_c_split_12_0.wav,16,13,c
augmented_c_split_12_1.wav,16,13,c
augmented_c_split_12_2.wav,16,13,c
augmented_c_split_13_0.wav,16,13,c
augmented_c_split_13_1.wav,16,13,c
augmented_c_split_13_2.wav,16,13,c
augmented_c_split_14_0.wav,16,13,c
augmented_c_split_14_1.wav,16,13,c
augmented_c_split_14_2.wav,16,13,c
augmented_c_split_15_0.wav,16,13,c
augmented_c_split_15_1.wav,16,13,c
augmented_c_split_15_2.wav,16,13,c
augmented_c_split_16_0.wav,16,13,c
augmented_c_split_16_1.wav,16,13,c
augmented_c_split_16_2.wav,16,13,c
augmented_c_split_17_0.wav,16,13,c
augmented_c_split_17_1.wav,16,13,c
augmented_c_split_17_2.wav,16,13,c
augmented_c_split_18_0.wav,16,13,c
augmented_c_split_18_1.wav,16,13,c
augmented_c_split_18_2.wav,16,13,c
augmented_c_split_19_0.wav,16,13,c
augmented_c_split_19_1.wav,16,13,c
augmented_c_split_19_2.wav,16,13,c
augmented_c_split_1_0.wav,16,13,c
augmented_c_split_1_1.wav,16,13,c
augmented_c_split_1_2.wav,16,13,c
augmented_c_split_20_0.wav,16,13,c
augmented_c_split_20_1.wav,16,13,c
augmented_c_split_20_2.wav,16,13,c
augmented_c_split_21_0.wav,16,13,c
augmented_c_split_21_1.wav,16,13,c
augmented_c_split_21_2.wav,16,13,c
augmented_c_split_22_0.wav,16,13,c
augmented_c_split_22_1.wav,16,13,c
augmented_c_split_22_2.wav,16,13,c
augmented_c_split_23_0.wav,16,13,c
augmented_c_split_23_1.wav,16,13,c
augmented_c_split_23_2.wav,16,13,c
augmented_c_split_24_0.wav,16,13,c
augmented_c_split_24_1.wav,16,13,c
augmented_c_split_24_2.wav,16,13,c
augmented_c_split_25_0.wav,16,13,c
augmented_c_split_25_1.wav,16,13,c
augmented_c_split_25_2.wav,16,13,c
augmented_c_split_2_0.wav,16,13,c
augmented_c_split_2_1.wav,16,13,c
augmented_c_split_2_2.wav,16,13,c
augmented_c_split_3_0.wav,16,13,c
augmented_c_split_3_1.wav,16,13,c
augmented_c_split_3_2.wav,16,13,c
augmented_c_split_4_0.wav,16,13,c
augmented_c_split_4_1.wav,16,13,c
augmented_c_split_4_2.wav,16,13,c
augmented_c_split_5_0.wav,16,13,c
augmented_c_split_5_1.wav,16,13,c
augmented_c_split_5_2.wav,16,13,c
augmented_c_split_6_0.wav,16,13,c
augmented_c_split_6_1.wav,16,13,c
augmented_c_split_6_2.wav,16,13,c
augmented_c_split_7_0.wav,16,13,c
augmented_c_split_7_1.wav,16,13,c
augmented_c_split_7_2.wav,16,13,c
augmented_c_split_8_0.wav,16,13,c
augmented_c_split_8_1.wav,16,13,c
augmented_c_split_8_2.wav,16,13,c
augmented_c_split_9_0.wav,16,13,c
augmented_c_split_9_1.wav,16,13,c
augmented_c_split_9_2.wav,16,13,c
augmented_d_split_10_0.wav,16,14,d
augmented_d_split_10_1.wav,16,14,d
augmented_d_split_10_2.wav,16,14,d
augmented_d_split_11_0.wav,16,14,d
augmented_d_split_11_1.wav,16,14,d
augmented_d_split_11_2.wav,16,14,d
augmented_d_split_12_0.wav,16,14,d
augmented_d_split_12_1.wav,16,14,d
augmented_d_split_12_2.wav,16,14,d
augmented_d_split_13_0.wav,16,14,d
augmented_d_split_13_1.wav,16,14,d
augmented_d_split_13_2.wav,16,14,d
augmented_d_split_14_0.wav,16,14,d
augmented_d_split_14_1.wav,16,14,d
augmented_d_split_14_2.wav,16,14,d
augmented_d_split_15_0.wav,16,14,d
augmented_d_split_15_1.wav,16,14,d
augmented_d_split_15_2.wav,16,14,d
augmented_d_split_16_0.wav,16,14,d
augmented_d_split_16_1.wav,16,14,d
augmented_d_split_16_2.wav,16,14,d
augmented_d_split_17_0.wav,16,14,d
augmented_d_split_17_1.wav,16,14,d
augmented_d_split_17_2.wav,16,14,d
augmented_d_split_18_0.wav,16,14,d
augmented_d_split_18_1.wav,16,14,d
augmented_d_split_18_2.wav,16,14,d
augmented_d_split_19_0.wav,16,14,d
augmented_d_split_19_1.wav,16,14,d
augmented_d_split_19_2.wav,16,14,d
augmented_d_split_1_0.wav,16,14,d
augmented_d_split_1_1.wav,16,14,d
augmented_d_split_1_2.wav,16,14,d
augmented_d_split_20_0.wav,16,14,d
augmented_d_split_20_1.wav,16,14,d
augmented_d_split_20_2.wav,16,14,d
augmented_d_split_21_0.wav,16,14,d
augmented_d_split_21_1.wav,16,14,d
augmented_d_split_21_2.wav,16,14,d
augmented_d_split_22_0.wav,16,14,d
augmented_d_split_22_1.wav,16,14,d
augmented_d_split_22_2.wav,16,14,d
augmented_d_split_23_0.wav,16,14,d
augmented_d_split_23_1.wav,16,14,d
augmented_d_split_23_2.wav,16,14,d
augmented_d_split_24_0.wav,16,14,d
augmented_d_split_24_1.wav,16,14,d
augmented_d_split_24_2.wav,16,14,d
augmented_d_split_25_0.wav,16,14,d
augmented_d_split_25_1.wav,16,14,d
augmented_d_split_25_2.wav,16,14,d
augmented_d_split_2_0.wav,16,14,d
augmented_d_split_2_1.wav,16,14,d
augmented_d_split_2_2.wav,16,14,d
augmented_d_split_3_0.wav,16,14,d
augmented_d_split_3_1.wav,16,14,d
augmented_d_split_3_2.wav,16,14,d
augmented_d_split_4_0.wav,16,14,d
augmented_d_split_4_1.wav,16,14,d
augmented_d_split_4_2.wav,16,14,d
augmented_d_split_5_0.wav,16,14,d
augmented_d_split_5_1.wav,16,14,d
augmented_d_split_5_2.wav,16,14,d
augmented_d_split_6_0.wav,16,14,d
augmented_d_split_6_1.wav,16,14,d
augmented_d_split_6_2.wav,16,14,d
augmented_d_split_7_0.wav,16,14,d
augmented_d_split_7_1.wav,16,14,d
augmented_d_split_7_2.wav,16,14,d
augmented_d_split_8_0.wav,16,14,d
augmented_d_split_8_1.wav,16,14,d
augmented_d_split_8_2.wav,16,14,d
augmented_d_split_9_0.wav,16,14,d
augmented_d_split_9_1.wav,16,14,d
augmented_d_split_9_2.wav,16,14,d
augmented_e_split_10_0.wav,16,15,e
augmented_e_split_10_1.wav,16,15,e
augmented_e_split_10_2.wav,16,15,e
augmented_e_split_11_0.wav,16,15,e
augmented_e_split_11_1.wav,16,15,e
augmented_e_split_11_2.wav,16,15,e
augmented_e_split_12_0.wav,16,15,e
augmented_e_split_12_1.wav,16,15,e
augmented_e_split_12_2.wav,16,15,e
augmented_e_split_13_0.wav,16,15,e
augmented_e_split_13_1.wav,16,15,e
augmented_e_split_13_2.wav,16,15,e
augmented_e_split_14_0.wav,16,15,e
augmented_e_split_14_1.wav,16,15,e
augmented_e_split_14_2.wav,16,15,e
augmented_e_split_15_0.wav,16,15,e
augmented_e_split_15_1.wav,16,15,e
augmented_e_split_15_2.wav,16,15,e
augmented_e_split_16_0.wav,16,15,e
augmented_e_split_16_1.wav,16,15,e
augmented_e_split_16_2.wav,16,15,e
augmented_e_split_17_0.wav,16,15,e
augmented_e_split_17_1.wav,16,15,e
augmented_e_split_17_2.wav,16,15,e
augmented_e_split_18_0.wav,16,15,e
augmented_e_split_18_1.wav,16,15,e
augmented_e_split_18_2.wav,16,15,e
augmented_e_split_19_0.wav,16,15,e
augmented_e_split_19_1.wav,16,15,e
augmented_e_split_19_2.wav,16,15,e
augmented_e_split_1_0.wav,16,15,e
augmented_e_split_1_1.wav,16,15,e
augmented_e_split_1_2.wav,16,15,e
augmented_e_split_20_0.wav,16,15,e
augmented_e_split_20_1.wav,16,15,e
augmented_e_split_20_2.wav,16,15,e
augmented_e_split_21_0.wav,16,15,e
augmented_e_split_21_1.wav,16,15,e
augmented_e_split_21_2.wav,16,15,e
augmented_e_split_22_0.wav,16,15,e
augmented_e_split_22_1.wav,16,15,e
augmented_e_split_22_2.wav,16,15,e
augmented_e_split_23_0.wav,16,15,e
augmented_e_split_23_1.wav,16,15,e
augmented_e_split_23_2.wav,16,15,e
augmented_e_split_24_0.wav,16,15,e
augmented_e_split_24_1.wav,16,15,e
augmented_e_split_24_2.wav,16,15,e
augmented_e_split_25_0.wav,16,15,e
augmented_e_split_25_1.wav,16,15,e
augmented_e_split_25_2.wav,16,15,e
augmented_e_split_2_0.wav,16,15,e
augmented_e_split_2_1.wav,16,15,e
augmented_e_split_2_2.wav,16,15,e
augmented_e_split_3_0.wav,16,15,e
augmented_e_split_3_1.wav,16,15,e
augmented_e_split_3_2.wav,16,15,e
augmented_e_split_4_0.wav,16,15,e
augmented_e_split_4_1.wav,16,15,e
augmented_e_split_4_2.wav,16,15,e
augmented_e_split_5_0.wav,16,15,e
augmented_e_split_5_1.wav,16,15,e
augmented_e_split_5_2.wav,16,15,e
augmented_e_split_6_0.wav,16,15,e
augmented_e_split_6_1.wav,16,15,e
augmented_e_split_6_2.wav,16,15,e
augmented_e_split_7_0.wav,16,15,e
augmented_e_split_7_1.wav,16,15,e
augmented_e_split_7_2.wav,16,15,e
augmented_e_split_8_0.wav,16,15,e
augmented_e_split_8_1.wav,16,15,e
augmented_e_split_8_2.wav,16,15,e
augmented_e_split_9_0.wav,16,15,e
augmented_e_split_9_1.wav,16,15,e
augmented_e_split_9_2.wav,16,15,e
augmented_f_split_10_0.wav,16,16,f
augmented_f_split_10_1.wav,16,16,f
augmented_f_split_10_2.wav,16,16,f
augmented_f_split_11_0.wav,16,16,f
augmented_f_split_11_1.wav,16,16,f
augmented_f_split_11_2.wav,16,16,f
augmented_f_split_12_0.wav,16,16,f
augmented_f_split_12_1.wav,16,16,f
augmented_f_split_12_2.wav,16,16,f
augmented_f_split_13_0.wav,16,16,f
augmented_f_split_13_1.wav,16,16,f
augmented_f_split_13_2.wav,16,16,f
augmented_f_split_14_0.wav,16,16,f
augmented_f_split_14_1.wav,16,16,f
augmented_f_split_14_2.wav,16,16,f
augmented_f_split_15_0.wav,16,16,f
augmented_f_split_15_1.wav,16,16,f
augmented_f_split_15_2.wav,16,16,f
augmented_f_split_16_0.wav,16,16,f
augmented_f_split_16_1.wav,16,16,f
augmented_f_split_16_2.wav,16,16,f
augmented_f_split_17_0.wav,16,16,f
augmented_f_split_17_1.wav,16,16,f
augmented_f_split_17_2.wav,16,16,f
augmented_f_split_18_0.wav,16,16,f
augmented_f_split_18_1.wav,16,16,f
augmented_f_split_18_2.wav,16,16,f
augmented_f_split_19_0.wav,16,16,f
augmented_f_split_19_1.wav,16,16,f
augmented_f_split_19_2.wav,16,16,f
augmented_f_split_1_0.wav,16,16,f
augmented_f_split_1_1.wav,16,16,f
augmented_f_split_1_2.wav,16,16,f
augmented_f_split_20_0.wav,16,16,f
augmented_f_split_20_1.wav,16,16,f
augmented_f_split_20_2.wav,16,16,f
augmented_f_split_21_0.wav,16,16,f
augmented_f_split_21_1.wav,16,16,f
augmented_f_split_21_2.wav,16,16,f
augmented_f_split_22_0.wav,16,16,f
augmented_f_split_22_1.wav,16,16,f
augmented_f_split_22_2.wav,16,16,f
augmented_f_split_23_0.wav,16,16,f
augmented_f_split_23_1.wav,16,16,f
augmented_f_split_23_2.wav,16,16,f
augmented_f_split_24_0.wav,16,16,f
augmented_f_split_24_1.wav,16,16,f
augmented_f_split_24_2.wav,16,16,f
augmented_f_split_25_0.wav,16,16,f
augmented_f_split_25_1.wav,16,16,f
augmented_f_split_25_2.wav,16,16,f
augmented_f_split_2_0.wav,16,16,f
augmented_f_split_2_1.wav,16,16,f
augmented_f_split_2_2.wav,16,16,f
augmented_f_split_3_0.wav,16,16,f
augmented_f_split_3_1.wav,16,16,f
augmented_f_split_3_2.wav,16,16,f
augmented_f_split_4_0.wav,16,16,f
augmented_f_split_4_1.wav,16,16,f
augmented_f_split_4_2.wav,16,16,f
augmented_f_split_5_0.wav,16,16,f
augmented_f_split_5_1.wav,16,16,f
augmented_f_split_5_2.wav,16,16,f
augmented_f_split_6_0.wav,16,16,f
augmented_f_split_6_1.wav,16,16,f
augmented_f_split_6_2.wav,16,16,f
augmented_f_split_7_0.wav,16,16,f
augmented_f_split_7_1.wav,16,16,f
augmented_f_split_7_2.wav,16,16,f
augmented_f_split_8_0.wav,16,16,f
augmented_f_split_8_1.wav,16,16,f
augmented_f_split_8_2.wav,16,16,f
augmented_f_split_9_0.wav,16,16,f
augmented_f_split_9_1.wav,16,16,f
augmented_f_split_9_2.wav,16,16,f
augmented_g_split_10_0.wav,16,17,g
augmented_g_split_10_1.wav,16,17,g
augmented_g_split_10_2.wav,16,17,g
augmented_g_split_11_0.wav,16,17,g
augmented_g_split_11_1.wav,16,17,g
augmented_g_split_11_2.wav,16,17,g
augmented_g_split_12_0.wav,16,17,g
augmented_g_split_12_1.wav,16,17,g
augmented_g_split_12_2.wav,16,17,g
augmented_g_split_13_0.wav,16,17,g
augmented_g_split_13_1.wav,16,17,g
augmented_g_split_13_2.wav,16,17,g
augmented_g_split_14_0.wav,16,17,g
augmented_g_split_14_1.wav,16,17,g
augmented_g_split_14_2.wav,16,17,g
augmented_g_split_15_0.wav,16,17,g
augmented_g_split_15_1.wav,16,17,g
augmented_g_split_15_2.wav,16,17,g
augmented_g_split_16_0.wav,16,17,g
augmented_g_split_16_1.wav,16,17,g
augmented_g_split_16_2.wav,16,17,g
augmented_g_split_17_0.wav,16,17,g
augmented_g_split_17_1.wav,16,17,g
augmented_g_split_17_2.wav,16,17,g
augmented_g_split_18_0.wav,16,17,g
augmented_g_split_18_1.wav,16,17,g
augmented_g_split_18_2.wav,16,17,g
augmented_g_split_19_0.wav,16,17,g
augmented_g_split_19_1.wav,16,17,g
augmented_g_split_19_2.wav,16,17,g
augmented_g_split_1_0.wav,16,17,g
augmented_g_split_1_1.wav,16,17,g
augmented_g_split_1_2.wav,16,17,g
augmented_g_split_20_0.wav,16,17,g
augmented_g_split_20_1.wav,16,17,g
augmented_g_split_20_2.wav,16,17,g
augmented_g_split_21_0.wav,16,17,g
augmented_g_split_21_1.wav,16,17,g
augmented_g_split_21_2.wav,16,17,g
augmented_g_split_22_0.wav,16,17,g
augmented_g_split_22_1.wav,16,17,g
augmented_g_split_22_2.wav,16,17,g
augmented_g_split_23_0.wav,16,17,g
augmented_g_split_23_1.wav,16,17,g
augmented_g_split_23_2.wav,16,17,g
augmented_g_split_24_0.wav,16,17,g
augmented_g_split_24_1.wav,16,17,g
augmented_g_split_24_2.wav,16,17,g
augmented_g_split_25_0.wav,16,17,g
augmented_g_split_25_1.wav,16,17,g
augmented_g_split_25_2.wav,16,17,g
augmented_g_split_2_0.wav,16,17,g
augmented_g_split_2_1.wav,16,17,g
augmented_g_split_2_2.wav,16,17,g
augmented_g_split_3_0.wav,16,17,g
augmented_g_split_3_1.wav,16,17,g
augmented_g_split_3_2.wav,16,17,g
augmented_g_split_4_0.wav,16,17,g
augmented_g_split_4_1.wav,16,17,g
augmented_g_split_4_2.wav,16,17,g
augmented_g_split_5_0.wav,16,17,g
augmented_g_split_5_1.wav,16,17,g
augmented_g_split_5_2.wav,16,17,g
augmented_g_split_6_0.wav,16,17,g
augmented_g_split_6_1.wav,16,17,g
augmented_g_split_6_2.wav,16,17,g
augmented_g_split_7_0.wav,16,17,g
augmented_g_split_7_1.wav,16,17,g
augmented_g_split_7_2.wav,16,17,g
augmented_g_split_8_0.wav,16,17,g
augmented_g_split_8_1.wav,16,17,g
augmented_g_split_8_2.wav,16,17,g
augmented_g_split_9_0.wav,16,17,g
augmented_g_split_9_1.wav,16,17,g
augmented_g_split_9_2.wav,16,17,g
augmented_h_split_10_0.wav,16,18,h
augmented_h_split_10_1.wav,16,18,h
augmented_h_split_10_2.wav,16,18,h
augmented_h_split_11_0.wav,16,18,h
augmented_h_split_11_1.wav,16,18,h
augmented_h_split_11_2.wav,16,18,h
augmented_h_split_12_0.wav,16,18,h
augmented_h_split_12_1.wav,16,18,h
augmented_h_split_12_2.wav,16,18,h
augmented_h_split_13_0.wav,16,18,h
augmented_h_split_13_1.wav,16,18,h
augmented_h_split_13_2.wav,16,18,h
augmented_h_split_14_0.wav,16,18,h
augmented_h_split_14_1.wav,16,18,h
augmented_h_split_14_2.wav,16,18,h
augmented_h_split_15_0.wav,16,18,h
augmented_h_split_15_1.wav,16,18,h
augmented_h_split_15_2.wav,16,18,h
augmented_h_split_16_0.wav,16,18,h
augmented_h_split_16_1.wav,16,18,h
augmented_h_split_16_2.wav,16,18,h
augmented_h_split_17_0.wav,16,18,h
augmented_h_split_17_1.wav,16,18,h
augmented_h_split_17_2.wav,16,18,h
augmented_h_split_18_0.wav,16,18,h
augmented_h_split_18_1.wav,16,18,h
augmented_h_split_18_2.wav,16,18,h
augmented_h_split_19_0.wav,16,18,h
augmented_h_split_19_1.wav,16,18,h
augmented_h_split_19_2.wav,16,18,h
augmented_h_split_1_0.wav,16,18,h
augmented_h_split_1_1.wav,16,18,h
augmented_h_split_1_2.wav,16,18,h
augmented_h_split_20_0.wav,16,18,h
augmented_h_split_20_1.wav,16,18,h
augmented_h_split_20_2.wav,16,18,h
augmented_h_split_21_0.wav,16,18,h
augmented_h_split_21_1.wav,16,18,h
augmented_h_split_21_2.wav,16,18,h
augmented_h_split_22_0.wav,16,18,h
augmented_h_split_22_1.wav,16,18,h
augmented_h_split_22_2.wav,16,18,h
augmented_h_split_23_0.wav,16,18,h
augmented_h_split_23_1.wav,16,18,h
augmented_h_split_23_2.wav,16,18,h
augmented_h_split_24_0.wav,16,18,h
augmented_h_split_24_1.wav,16,18,h
augmented_h_split_24_2.wav,16,18,h
augmented_h_split_25_0.wav,16,18,h
augmented_h_split_25_1.wav,16,18,h
augmented_h_split_25_2.wav,16,18,h
augmented_h_split_2_0.wav,16,18,h
augmented_h_split_2_1.wav,16,18,h
augmented_h_split_2_2.wav,16,18,h
augmented_h_split_3_0.wav,16,18,h
augmented_h_split_3_1.wav,16,18,h
augmented_h_split_3_2.wav,16,18,h
augmented_h_split_4_0.wav,16,18,h
augmented_h_split_4_1.wav,16,18,h
augmented_h_split_4_2.wav,16,18,h
augmented_h_split_5_0.wav,16,18,h
augmented_h_split_5_1.wav,16,18,h
augmented_h_split_5_2.wav,16,18,h
augmented_h_split_6_0.wav,16,18,h
augmented_h_split_6_1.wav,16,18,h
augmented_h_split_6_2.wav,16,18,h
augmented_h_split_7_0.wav,16,18,h
augmented_h_split_7_1.wav,16,18,h
augmented_h_split_7_2.wav,16,18,h
augmented_h_split_8_0.wav,16,18,h
augmented_h_split_8_1.wav,16,18,h
augmented_h_split_8_2.wav,16,18,h
augmented_h_split_9_0.wav,16,18,h
augmented_h_split_9_1.wav,16,18,h
augmented_h_split_9_2.wav,16,18,h
augmented_i_split_10_0.wav,16,19,i
augmented_i_split_10_1.wav,16,19,i
augmented_i_split_10_2.wav,16,19,i
augmented_i_split_11_0.wav,16,19,i
augmented_i_split_11_1.wav,16,19,i
augmented_i_split_11_2.wav,16,19,i
augmented_i_split_12_0.wav,16,19,i
augmented_i_split_12_1.wav,16,19,i
augmented_i_split_12_2.wav,16,19,i
augmented_i_split_13_0.wav,16,19,i
augmented_i_split_13_1.wav,16,19,i
augmented_i_split_13_2.wav,16,19,i
augmented_i_split_14_0.wav,16,19,i
augmented_i_split_14_1.wav,16,19,i
augmented_i_split_14_2.wav,16,19,i
augmented_i_split_15_0.wav,16,19,i
augmented_i_split_15_1.wav,16,19,i
augmented_i_split_15_2.wav,16,19,i
augmented_i_split_16_0.wav,16,19,i
augmented_i_split_16_1.wav,16,19,i
augmented_i_split_16_2.wav,16,19,i
augmented_i_split_17_0.wav,16,19,i
augmented_i_split_17_1.wav,16,19,i
augmented_i_split_17_2.wav,16,19,i
augmented_i_split_18_0.wav,16,19,i
augmented_i_split_18_1.wav,16,19,i
augmented_i_split_18_2.wav,16,19,i
augmented_i_split_19_0.wav,16,19,i
augmented_i_split_19_1.wav,16,19,i
augmented_i_split_19_2.wav,16,19,i
augmented_i_split_1_0.wav,16,19,i
augmented_i_split_1_1.wav,16,19,i
augmented_i_split_1_2.wav,16,19,i
augmented_i_split_20_0.wav,16,19,i
augmented_i_split_20_1.wav,16,19,i
augmented_i_split_20_2.wav,16,19,i
augmented_i_split_21_0.wav,16,19,i
augmented_i_split_21_1.wav,16,19,i
augmented_i_split_21_2.wav,16,19,i
augmented_i_split_22_0.wav,16,19,i
augmented_i_split_22_1.wav,16,19,i
augmented_i_split_22_2.wav,16,19,i
augmented_i_split_23_0.wav,16,19,i
augmented_i_split_23_1.wav,16,19,i
augmented_i_split_23_2.wav,16,19,i
augmented_i_split_24_0.wav,16,19,i
augmented_i_split_24_1.wav,16,19,i
augmented_i_split_24_2.wav,16,19,i
augmented_i_split_25_0.wav,16,19,i
augmented_i_split_25_1.wav,16,19,i
augmented_i_split_25_2.wav,16,19,i
augmented_i_split_2_0.wav,16,19,i
augmented_i_split_2_1.wav,16,19,i
augmented_i_split_2_2.wav,16,19,i
augmented_i_split_3_0.wav,16,19,i
augmented_i_split_3_1.wav,16,19,i
augmented_i_split_3_2.wav,16,19,i
augmented_i_split_4_0.wav,16,19,i
augmented_i_split_4_1.wav,16,19,i
augmented_i_split_4_2.wav,16,19,i
augmented_i_split_5_0.wav,16,19,i
augmented_i_split_5_1.wav,16,19,i
augmented_i_split_5_2.wav,16,19,i
augmented_i_split_6_0.wav,16,19,i
augmented_i_split_6_1.wav,16,19,i
augmented_i_split_6_2.wav,16,19,i
augmented_i_split_7_0.wav,16,19,i
augmented_i_split_7_1.wav,16,19,i
augmented_i_split_7_2.wav,16,19,i
augmented_i_split_8_0.wav,16,19,i
augmented_i_split_8_1.wav,16,19,i
augmented_i_split_8_2.wav,16,19,i
augmented_i_split_9_0.wav,16,19,i
augmented_i_split_9_1.wav,16,19,i
augmented_i_split_9_2.wav,16,19,i
augmented_j_split_10_0.wav,16,20,j
augmented_j_split_10_1.wav,16,20,j
augmented_j_split_10_2.wav,16,20,j
augmented_j_split_11_0.wav,16,20,j
augmented_j_split_11_1.wav,16,20,j
augmented_j_split_11_2.wav,16,20,j
augmented_j_split_12_0.wav,16,20,j
augmented_j_split_12_1.wav,16,20,j
augmented_j_split_12_2.wav,16,20,j
augmented_j_split_13_0.wav,16,20,j
augmented_j_split_13_1.wav,16,20,j
augmented_j_split_13_2.wav,16,20,j
augmented_j_split_14_0.wav,16,20,j
augmented_j_split_14_1.wav,16,20,j
augmented_j_split_14_2.wav,16,20,j
augmented_j_split_15_0.wav,16,20,j
augmented_j_split_15_1.wav,16,20,j
augmented_j_split_15_2.wav,16,20,j
augmented_j_split_16_0.wav,16,20,j
augmented_j_split_16_1.wav,16,20,j
augmented_j_split_16_2.wav,16,20,j
augmented_j_split_17_0.wav,16,20,j
augmented_j_split_17_1.wav,16,20,j
augmented_j_split_17_2.wav,16,20,j
augmented_j_split_18_0.wav,16,20,j
augmented_j_split_18_1.wav,16,20,j
augmented_j_split_18_2.wav,16,20,j
augmented_j_split_19_0.wav,16,20,j
augmented_j_split_19_1.wav,16,20,j
augmented_j_split_19_2.wav,16,20,j
augmented_j_split_1_0.wav,16,20,j
augmented_j_split_1_1.wav,16,20,j
augmented_j_split_1_2.wav,16,20,j
augmented_j_split_20_0.wav,16,20,j
augmented_j_split_20_1.wav,16,20,j
augmented_j_split_20_2.wav,16,20,j
augmented_j_split_21_0.wav,16,20,j
augmented_j_split_21_1.wav,16,20,j
augmented_j_split_21_2.wav,16,20,j
augmented_j_split_22_0.wav,16,20,j
augmented_j_split_22_1.wav,16,20,j
augmented_j_split_22_2.wav,16,20,j
augmented_j_split_23_0.wav,16,20,j
augmented_j_split_23_1.wav,16,20,j
augmented_j_split_23_2.wav,16,20,j
augmented_j_split_24_0.wav,16,20,j
augmented_j_split_24_1.wav,16,20,j
augmented_j_split_24_2.wav,16,20,j
augmented_j_split_25_0.wav,16,20,j
augmented_j_split_25_1.wav,16,20,j
augmented_j_split_25_2.wav,16,20,j
augmented_j_split_2_0.wav,16,20,j
augmented_j_split_2_1.wav,16,20,j
augmented_j_split_2_2.wav,16,20,j
augmented_j_split_3_0.wav,16,20,j
augmented_j_split_3_1.wav,16,20,j
augmented_j_split_3_2.wav,16,20,j
augmented_j_split_4_0.wav,16,20,j
augmented_j_split_4_1.wav,16,20,j
augmented_j_split_4_2.wav,16,20,j
augmented_j_split_5_0.wav,16,20,j
augmented_j_split_5_1.wav,16,20,j
augmented_j_split_5_2.wav,16,20,j
augmented_j_split_6_0.wav,16,20,j
augmented_j_split_6_1.wav,16,20,j
augmented_j_split_6_2.wav,16,20,j
augmented_j_split_7_0.wav,16,20,j
augmented_j_split_7_1.wav,16,20,j
augmented_j_split_7_2.wav,16,20,j
augmented_j_split_8_0.wav,16,20,j
augmented_j_split_8_1.wav,16,20,j
augmented_j_split_8_2.wav,16,20,j
augmented_j_split_9_0.wav,16,20,j
augmented_j_split_9_1.wav,16,20,j
augmented_j_split_9_2.wav,16,20,j
augmented_k_split_10_0.wav,16,21,k
augmented_k_split_10_1.wav,16,21,k
augmented_k_split_10_2.wav,16,21,k
augmented_k_split_11_0.wav,16,21,k
augmented_k_split_11_1.wav,16,21,k
augmented_k_split_11_2.wav,16,21,k
augmented_k_split_12_0.wav,16,21,k
augmented_k_split_12_1.wav,16,21,k
augmented_k_split_12_2.wav,16,21,k
augmented_k_split_13_0.wav,16,21,k
augmented_k_split_13_1.wav,16,21,k
augmented_k_split_13_2.wav,16,21,k
augmented_k_split_14_0.wav,16,21,k
augmented_k_split_14_1.wav,16,21,k
augmented_k_split_14_2.wav,16,21,k
augmented_k_split_15_0.wav,16,21,k
augmented_k_split_15_1.wav,16,21,k
augmented_k_split_15_2.wav,16,21,k
augmented_k_split_16_0.wav,16,21,k
augmented_k_split_16_1.wav,16,21,k
augmented_k_split_16_2.wav,16,21,k
augmented_k_split_17_0.wav,16,21,k
augmented_k_split_17_1.wav,16,21,k
augmented_k_split_17_2.wav,16,21,k
augmented_k_split_18_0.wav,16,21,k
augmented_k_split_18_1.wav,16,21,k
augmented_k_split_18_2.wav,16,21,k
augmented_k_split_19_0.wav,16,21,k
augmented_k_split_19_1.wav,16,21,k
augmented_k_split_19_2.wav,16,21,k
augmented_k_split_1_0.wav,16,21,k
augmented_k_split_1_1.wav,16,21,k
augmented_k_split_1_2.wav,16,21,k
augmented_k_split_20_0.wav,16,21,k
augmented_k_split_20_1.wav,16,21,k
augmented_k_split_20_2.wav,16,21,k
augmented_k_split_21_0.wav,16,21,k
augmented_k_split_21_1.wav,16,21,k
augmented_k_split_21_2.wav,16,21,k
augmented_k_split_22_0.wav,16,21,k
augmented_k_split_22_1.wav,16,21,k
augmented_k_split_22_2.wav,16,21,k
augmented_k_split_23_0.wav,16,21,k
augmented_k_split_23_1.wav,16,21,k
augmented_k_split_23_2.wav,16,21,k
augmented_k_split_24_0.wav,16,21,k
augmented_k_split_24_1.wav,16,21,k
augmented_k_split_24_2.wav,16,21,k
augmented_k_split_25_0.wav,16,21,k
augmented_k_split_25_1.wav,16,21,k
augmented_k_split_25_2.wav,16,21,k
augmented_k_split_2_0.wav,16,21,k
augmented_k_split_2_1.wav,16,21,k
augmented_k_split_2_2.wav,16,21,k
augmented_k_split_3_0.wav,16,21,k
augmented_k_split_3_1.wav,16,21,k
augmented_k_split_3_2.wav,16,21,k
augmented_k_split_4_0.wav,16,21,k
augmented_k_split_4_1.wav,16,21,k
augmented_k_split_4_2.wav,16,21,k
augmented_k_split_5_0.wav,16,21,k
augmented_k_split_5_1.wav,16,21,k
augmented_k_split_5_2.wav,16,21,k
augmented_k_split_6_0.wav,16,21,k
augmented_k_split_6_1.wav,16,21,k
augmented_k_split_6_2.wav,16,21,k
augmented_k_split_7_0.wav,16,21,k
augmented_k_split_7_1.wav,16,21,k
augmented_k_split_7_2.wav,16,21,k
augmented_k_split_8_0.wav,16,21,k
augmented_k_split_8_1.wav,16,21,k
augmented_k_split_8_2.wav,16,21,k
augmented_k_split_9_0.wav,16,21,k
augmented_k_split_9_1.wav,16,21,k
augmented_k_split_9_2.wav,16,21,k
augmented_l_split_10_0.wav,16,22,l
augmented_l_split_10_1.wav,16,22,l
augmented_l_split_10_2.wav,16,22,l
augmented_l_split_11_0.wav,16,22,l
augmented_l_split_11_1.wav,16,22,l
augmented_l_split_11_2.wav,16,22,l
augmented_l_split_12_0.wav,16,22,l
augmented_l_split_12_1.wav,16,22,l
augmented_l_split_12_2.wav,16,22,l
augmented_l_split_13_0.wav,16,22,l
augmented_l_split_13_1.wav,16,22,l
augmented_l_split_13_2.wav,16,22,l
augmented_l_split_14_0.wav,16,22,l
augmented_l_split_14_1.wav,16,22,l
augmented_l_split_14_2.wav,16,22,l
augmented_l_split_15_0.wav,16,22,l
augmented_l_split_15_1.wav,16,22,l
augmented_l_split_15_2.wav,16,22,l
augmented_l_split_16_0.wav,16,22,l
augmented_l_split_16_1.wav,16,22,l
augmented_l_split_16_2.wav,16,22,l
augmented_l_split_17_0.wav,16,22,l
augmented_l_split_17_1.wav,16,22,l
augmented_l_split_17_2.wav,16,22,l
augmented_l_split_18_0.wav,16,22,l
augmented_l_split_18_1.wav,16,22,l
augmented_l_split_18_2.wav,16,22,l
augmented_l_split_19_0.wav,16,22,l
augmented_l_split_19_1.wav,16,22,l
augmented_l_split_19_2.wav,16,22,l
augmented_l_split_1_0.wav,16,22,l
augmented_l_split_1_1.wav,16,22,l
augmented_l_split_1_2.wav,16,22,l
augmented_l_split_20_0.wav,16,22,l
augmented_l_split_20_1.wav,16,22,l
augmented_l_split_20_2.wav,16,22,l
augmented_l_split_21_0.wav,16,22,l
augmented_l_split_21_1.wav,16,22,l
augmented_l_split_21_2.wav,16,22,l
augmented_l_split_22_0.wav,16,22,l
augmented_l_split_22_1.wav,16,22,l
augmented_l_split_22_2.wav,16,22,l
augmented_l_split_23_0.wav,16,22,l
augmented_l_split_23_1.wav,16,22,l
augmented_l_split_23_2.wav,16,22,l
augmented_l_split_24_0.wav,16,22,l
augmented_l_split_24_1.wav,16,22,l
augmented_l_split_24_2.wav,16,22,l
augmented_l_split_25_0.wav,16,22,l
augmented_l_split_25_1.wav,16,22,l
augmented_l_split_25_2.wav,16,22,l
augmented_l_split_2_0.wav,16,22,l
augmented_l_split_2_1.wav,16,22,l
augmented_l_split_2_2.wav,16,22,l
augmented_l_split_3_0.wav,16,22,l
augmented_l_split_3_1.wav,16,22,l
augmented_l_split_3_2.wav,16,22,l
augmented_l_split_4_0.wav,16,22,l
augmented_l_split_4_1.wav,16,22,l
augmented_l_split_4_2.wav,16,22,l
augmented_l_split_5_0.wav,16,22,l
augmented_l_split_5_1.wav,16,22,l
augmented_l_split_5_2.wav,16,22,l
augmented_l_split_6_0.wav,16,22,l
augmented_l_split_6_1.wav,16,22,l
augmented_l_split_6_2.wav,16,22,l
augmented_l_split_7_0.wav,16,22,l
augmented_l_split_7_1.wav,16,22,l
augmented_l_split_7_2.wav,16,22,l
augmented_l_split_8_0.wav,16,22,l
augmented_l_split_8_1.wav,16,22,l
augmented_l_split_8_2.wav,16,22,l
augmented_l_split_9_0.wav,16,22,l
augmented_l_split_9_1.wav,16,22,l
augmented_l_split_9_2.wav,16,22,l
augmented_m_split_10_0.wav,16,23,m
augmented_m_split_10_1.wav,16,23,m
augmented_m_split_10_2.wav,16,23,m
augmented_m_split_11_0.wav,16,23,m
augmented_m_split_11_1.wav,16,23,m
augmented_m_split_11_2.wav,16,23,m
augmented_m_split_12_0.wav,16,23,m
augmented_m_split_12_1.wav,16,23,m
augmented_m_split_12_2.wav,16,23,m
augmented_m_split_13_0.wav,16,23,m
augmented_m_split_13_1.wav,16,23,m
augmented_m_split_13_2.wav,16,23,m
augmented_m_split_14_0.wav,16,23,m
augmented_m_split_14_1.wav,16,23,m
augmented_m_split_14_2.wav,16,23,m
augmented_m_split_15_0.wav,16,23,m
augmented_m_split_15_1.wav,16,23,m
augmented_m_split_15_2.wav,16,23,m
augmented_m_split_16_0.wav,16,23,m
augmented_m_split_16_1.wav,16,23,m
augmented_m_split_16_2.wav,16,23,m
augmented_m_split_17_0.wav,16,23,m
augmented_m_split_17_1.wav,16,23,m
augmented_m_split_17_2.wav,16,23,m
augmented_m_split_18_0.wav,16,23,m
augmented_m_split_18_1.wav,16,23,m
augmented_m_split_18_2.wav,16,23,m
augmented_m_split_19_0.wav,16,23,m
augmented_m_split_19_1.wav,16,23,m
augmented_m_split_19_2.wav,16,23,m
augmented_m_split_1_0.wav,16,23,m
augmented_m_split_1_1.wav,16,23,m
augmented_m_split_1_2.wav,16,23,m
augmented_m_split_20_0.wav,16,23,m
augmented_m_split_20_1.wav,16,23,m
augmented_m_split_20_2.wav,16,23,m
augmented_m_split_21_0.wav,16,23,m
augmented_m_split_21_1.wav,16,23,m
augmented_m_split_21_2.wav,16,23,m
augmented_m_split_22_0.wav,16,23,m
augmented_m_split_22_1.wav,16,23,m
augmented_m_split_22_2.wav,16,23,m
augmented_m_split_23_0.wav,16,23,m
augmented_m_split_23_1.wav,16,23,m
augmented_m_split_23_2.wav,16,23,m
augmented_m_split_24_0.wav,16,23,m
augmented_m_split_24_1.wav,16,23,m
augmented_m_split_24_2.wav,16,23,m
augmented_m_split_25_0.wav,16,23,m
augmented_m_split_25_1.wav,16,23,m
augmented_m_split_25_2.wav,16,23,m
augmented_m_split_2_0.wav,16,23,m
augmented_m_split_2_1.wav,16,23,m
augmented_m_split_2_2.wav,16,23,m
augmented_m_split_3_0.wav,16,23,m
augmented_m_split_3_1.wav,16,23,m
augmented_m_split_3_2.wav,16,23,m
augmented_m_split_4_0.wav,16,23,m
augmented_m_split_4_1.wav,16,23,m
augmented_m_split_4_2.wav,16,23,m
augmented_m_split_5_0.wav,16,23,m
augmented_m_split_5_1.wav,16,23,m
augmented_m_split_5_2.wav,16,23,m
augmented_m_split_6_0.wav,16,23,m
augmented_m_split_6_1.wav,16,23,m
augmented_m_split_6_2.wav,16,23,m
augmented_m_split_7_0.wav,16,23,m
augmented_m_split_7_1.wav,16,23,m
augmented_m_split_7_2.wav,16,23,m
augmented_m_split_8_0.wav,16,23,m
augmented_m_split_8_1.wav,16,23,m
augmented_m_split_8_2.wav,16,23,m
augmented_m_split_9_0.wav,16,23,m
augmented_m_split_9_1.wav,16,23,m
augmented_m_split_9_2.wav,16,23,m
augmented_n_split_10_0.wav,16,24,n
augmented_n_split_10_1.wav,16,24,n
augmented_n_split_10_2.wav,16,24,n
augmented_n_split_11_0.wav,16,24,n
augmented_n_split_11_1.wav,16,24,n
augmented_n_split_11_2.wav,16,24,n
augmented_n_split_12_0.wav,16,24,n
augmented_n_split_12_1.wav,16,24,n
augmented_n_split_12_2.wav,16,24,n
augmented_n_split_13_0.wav,16,24,n
augmented_n_split_13_1.wav,16,24,n
augmented_n_split_13_2.wav,16,24,n
augmented_n_split_14_0.wav,16,24,n
augmented_n_split_14_1.wav,16,24,n
augmented_n_split_14_2.wav,16,24,n
augmented_n_split_15_0.wav,16,24,n
augmented_n_split_15_1.wav,16,24,n
augmented_n_split_15_2.wav,16,24,n
augmented_n_split_16_0.wav,16,24,n
augmented_n_split_16_1.wav,16,24,n
augmented_n_split_16_2.wav,16,24,n
augmented_n_split_17_0.wav,16,24,n
augmented_n_split_17_1.wav,16,24,n
augmented_n_split_17_2.wav,16,24,n
augmented_n_split_18_0.wav,16,24,n
augmented_n_split_18_1.wav,16,24,n
augmented_n_split_18_2.wav,16,24,n
augmented_n_split_19_0.wav,16,24,n
augmented_n_split_19_1.wav,16,24,n
augmented_n_split_19_2.wav,16,24,n
augmented_n_split_1_0.wav,16,24,n
augmented_n_split_1_1.wav,16,24,n
augmented_n_split_1_2.wav,16,24,n
augmented_n_split_20_0.wav,16,24,n
augmented_n_split_20_1.wav,16,24,n
augmented_n_split_20_2.wav,16,24,n
augmented_n_split_21_0.wav,16,24,n
augmented_n_split_21_1.wav,16,24,n
augmented_n_split_21_2.wav,16,24,n
augmented_n_split_22_0.wav,16,24,n
augmented_n_split_22_1.wav,16,24,n
augmented_n_split_22_2.wav,16,24,n
augmented_n_split_23_0.wav,16,24,n
augmented_n_split_23_1.wav,16,24,n
augmented_n_split_23_2.wav,16,24,n
augmented_n_split_24_0.wav,16,24,n
augmented_n_split_24_1.wav,16,24,n
augmented_n_split_24_2.wav,16,24,n
augmented_n_split_25_0.wav,16,24,n
augmented_n_split_25_1.wav,16,24,n
augmented_n_split_25_2.wav,16,24,n
augmented_n_split_2_0.wav,16,24,n
augmented_n_split_2_1.wav,16,24,n
augmented_n_split_2_2.wav,16,24,n
augmented_n_split_3_0.wav,16,24,n
augmented_n_split_3_1.wav,16,24,n
augmented_n_split_3_2.wav,16,24,n
augmented_n_split_4_0.wav,16,24,n
augmented_n_split_4_1.wav,16,24,n
augmented_n_split_4_2.wav,16,24,n
augmented_n_split_5_0.wav,16,24,n
augmented_n_split_5_1.wav,16,24,n
augmented_n_split_5_2.wav,16,24,n
augmented_n_split_6_0.wav,16,24,n
augmented_n_split_6_1.wav,16,24,n
augmented_n_split_6_2.wav,16,24,n
augmented_n_split_7_0.wav,16,24,n
augmented_n_split_7_1.wav,16,24,n
augmented_n_split_7_2.wav,16,24,n
augmented_n_split_8_0.wav,16,24,n
augmented_n_split_8_1.wav,16,24,n
augmented_n_split_8_2.wav,16,24,n
augmented_n_split_9_0.wav,16,24,n
augmented_n_split_9_1.wav,16,24,n
augmented_n_split_9_2.wav,16,24,n
augmented_o_split_10_0.wav,16,25,o
augmented_o_split_10_1.wav,16,25,o
augmented_o_split_10_2.wav,16,25,o
augmented_o_split_11_0.wav,16,25,o
augmented_o_split_11_1.wav,16,25,o
augmented_o_split_11_2.wav,16,25,o
augmented_o_split_12_0.wav,16,25,o
augmented_o_split_12_1.wav,16,25,o
augmented_o_split_12_2.wav,16,25,o
augmented_o_split_13_0.wav,16,25,o
augmented_o_split_13_1.wav,16,25,o
augmented_o_split_13_2.wav,16,25,o
augmented_o_split_14_0.wav,16,25,o
augmented_o_split_14_1.wav,16,25,o
augmented_o_split_14_2.wav,16,25,o
augmented_o_split_15_0.wav,16,25,o
augmented_o_split_15_1.wav,16,25,o
augmented_o_split_15_2.wav,16,25,o
augmented_o_split_16_0.wav,16,25,o
augmented_o_split_16_1.wav,16,25,o
augmented_o_split_16_2.wav,16,25,o
augmented_o_split_17_0.wav,16,25,o
augmented_o_split_17_1.wav,16,25,o
augmented_o_split_17_2.wav,16,25,o
augmented_o_split_18_0.wav,16,25,o
augmented_o_split_18_1.wav,16,25,o
augmented_o_split_18_2.wav,16,25,o
augmented_o_split_19_0.wav,16,25,o
augmented_o_split_19_1.wav,16,25,o
augmented_o_split_19_2.wav,16,25,o
augmented_o_split_1_0.wav,16,25,o
augmented_o_split_1_1.wav,16,25,o
augmented_o_split_1_2.wav,16,25,o
augmented_o_split_20_0.wav,16,25,o
augmented_o_split_20_1.wav,16,25,o
augmented_o_split_20_2.wav,16,25,o
augmented_o_split_21_0.wav,16,25,o
augmented_o_split_21_1.wav,16,25,o
augmented_o_split_21_2.wav,16,25,o
augmented_o_split_22_0.wav,16,25,o
augmented_o_split_22_1.wav,16,25,o
augmented_o_split_22_2.wav,16,25,o
augmented_o_split_23_0.wav,16,25,o
augmented_o_split_23_1.wav,16,25,o
augmented_o_split_23_2.wav,16,25,o
augmented_o_split_24_0.wav,16,25,o
augmented_o_split_24_1.wav,16,25,o
augmented_o_split_24_2.wav,16,25,o
augmented_o_split_25_0.wav,16,25,o
augmented_o_split_25_1.wav,16,25,o
augmented_o_split_25_2.wav,16,25,o
augmented_o_split_2_0.wav,16,25,o
augmented_o_split_2_1.wav,16,25,o
augmented_o_split_2_2.wav,16,25,o
augmented_o_split_3_0.wav,16,25,o
augmented_o_split_3_1.wav,16,25,o
augmented_o_split_3_2.wav,16,25,o
augmented_o_split_4_0.wav,16,25,o
augmented_o_split_4_1.wav,16,25,o
augmented_o_split_4_2.wav,16,25,o
augmented_o_split_5_0.wav,16,25,o
augmented_o_split_5_1.wav,16,25,o
augmented_o_split_5_2.wav,16,25,o
augmented_o_split_6_0.wav,16,25,o
augmented_o_split_6_1.wav,16,25,o
augmented_o_split_6_2.wav,16,25,o
augmented_o_split_7_0.wav,16,25,o
augmented_o_split_7_1.wav,16,25,o
augmented_o_split_7_2.wav,16,25,o
augmented_o_split_8_0.wav,16,25,o
augmented_o_split_8_1.wav,16,25,o
augmented_o_split_8_2.wav,16,25,o
augmented_o_split_9_0.wav,16,25,o
augmented_o_split_9_1.wav,16,25,o
augmented_o_split_9_2.wav,16,25,o
augmented_p_split_10_0.wav,16,26,p
augmented_p_split_10_1.wav,16,26,p
augmented_p_split_10_2.wav,16,26,p
augmented_p_split_11_0.wav,16,26,p
augmented_p_split_11_1.wav,16,26,p
augmented_p_split_11_2.wav,16,26,p
augmented_p_split_12_0.wav,16,26,p
augmented_p_split_12_1.wav,16,26,p
augmented_p_split_12_2.wav,16,26,p
augmented_p_split_13_0.wav,16,26,p
augmented_p_split_13_1.wav,16,26,p
augmented_p_split_13_2.wav,16,26,p
augmented_p_split_14_0.wav,16,26,p
augmented_p_split_14_1.wav,16,26,p
augmented_p_split_14_2.wav,16,26,p
augmented_p_split_15_0.wav,16,26,p
augmented_p_split_15_1.wav,16,26,p
augmented_p_split_15_2.wav,16,26,p
augmented_p_split_16_0.wav,16,26,p
augmented_p_split_16_1.wav,16,26,p
augmented_p_split_16_2.wav,16,26,p
augmented_p_split_17_0.wav,16,26,p
augmented_p_split_17_1.wav,16,26,p
augmented_p_split_17_2.wav,16,26,p
augmented_p_split_18_0.wav,16,26,p
augmented_p_split_18_1.wav,16,26,p
augmented_p_split_18_2.wav,16,26,p
augmented_p_split_19_0.wav,16,26,p
augmented_p_split_19_1.wav,16,26,p
augmented_p_split_19_2.wav,16,26,p
augmented_p_split_1_0.wav,16,26,p
augmented_p_split_1_1.wav,16,26,p
augmented_p_split_1_2.wav,16,26,p
augmented_p_split_20_0.wav,16,26,p
augmented_p_split_20_1.wav,16,26,p
augmented_p_split_20_2.wav,16,26,p
augmented_p_split_21_0.wav,16,26,p
augmented_p_split_21_1.wav,16,26,p
augmented_p_split_21_2.wav,16,26,p
augmented_p_split_22_0.wav,16,26,p
augmented_p_split_22_1.wav,16,26,p
augmented_p_split_22_2.wav,16,26,p
augmented_p_split_23_0.wav,16,26,p
augmented_p_split_23_1.wav,16,26,p
augmented_p_split_23_2.wav,16,26,p
augmented_p_split_24_0.wav,16,26,p
augmented_p_split_24_1.wav,16,26,p
augmented_p_split_24_2.wav,16,26,p
augmented_p_split_25_0.wav,16,26,p
augmented_p_split_25_1.wav,16,26,p
augmented_p_split_25_2.wav,16,26,p
augmented_p_split_2_0.wav,16,26,p
augmented_p_split_2_1.wav,16,26,p
augmented_p_split_2_2.wav,16,26,p
augmented_p_split_3_0.wav,16,26,p
augmented_p_split_3_1.wav,16,26,p
augmented_p_split_3_2.wav,16,26,p
augmented_p_split_4_0.wav,16,26,p
augmented_p_split_4_1.wav,16,26,p
augmented_p_split_4_2.wav,16,26,p
augmented_p_split_5_0.wav,16,26,p
augmented_p_split_5_1.wav,16,26,p
augmented_p_split_5_2.wav,16,26,p
augmented_p_split_6_0.wav,16,26,p
augmented_p_split_6_1.wav,16,26,p
augmented_p_split_6_2.wav,16,26,p
augmented_p_split_7_0.wav,16,26,p
augmented_p_split_7_1.wav,16,26,p
augmented_p_split_7_2.wav,16,26,p
augmented_p_split_8_0.wav,16,26,p
augmented_p_split_8_1.wav,16,26,p
augmented_p_split_8_2.wav,16,26,p
augmented_p_split_9_0.wav,16,26,p
augmented_p_split_9_1.wav,16,26,p
augmented_p_split_9_2.wav,16,26,p
augmented_q_split_10_0.wav,16,27,q
augmented_q_split_10_1.wav,16,27,q
augmented_q_split_10_2.wav,16,27,q
augmented_q_split_11_0.wav,16,27,q
augmented_q_split_11_1.wav,16,27,q
augmented_q_split_11_2.wav,16,27,q
augmented_q_split_12_0.wav,16,27,q
augmented_q_split_12_1.wav,16,27,q
augmented_q_split_12_2.wav,16,27,q
augmented_q_split_13_0.wav,16,27,q
augmented_q_split_13_1.wav,16,27,q
augmented_q_split_13_2.wav,16,27,q
augmented_q_split_14_0.wav,16,27,q
augmented_q_split_14_1.wav,16,27,q
augmented_q_split_14_2.wav,16,27,q
augmented_q_split_15_0.wav,16,27,q
augmented_q_split_15_1.wav,16,27,q
augmented_q_split_15_2.wav,16,27,q
augmented_q_split_16_0.wav,16,27,q
augmented_q_split_16_1.wav,16,27,q
augmented_q_split_16_2.wav,16,27,q
augmented_q_split_17_0.wav,16,27,q
augmented_q_split_17_1.wav,16,27,q
augmented_q_split_17_2.wav,16,27,q
augmented_q_split_18_0.wav,16,27,q
augmented_q_split_18_1.wav,16,27,q
augmented_q_split_18_2.wav,16,27,q
augmented_q_split_19_0.wav,16,27,q
augmented_q_split_19_1.wav,16,27,q
augmented_q_split_19_2.wav,16,27,q
augmented_q_split_1_0.wav,16,27,q
augmented_q_split_1_1.wav,16,27,q
augmented_q_split_1_2.wav,16,27,q
augmented_q_split_20_0.wav,16,27,q
augmented_q_split_20_1.wav,16,27,q
augmented_q_split_20_2.wav,16,27,q
augmented_q_split_21_0.wav,16,27,q
augmented_q_split_21_1.wav,16,27,q
augmented_q_split_21_2.wav,16,27,q
augmented_q_split_22_0.wav,16,27,q
augmented_q_split_22_1.wav,16,27,q
augmented_q_split_22_2.wav,16,27,q
augmented_q_split_23_0.wav,16,27,q
augmented_q_split_23_1.wav,16,27,q
augmented_q_split_23_2.wav,16,27,q
augmented_q_split_24_0.wav,16,27,q
augmented_q_split_24_1.wav,16,27,q
augmented_q_split_24_2.wav,16,27,q
augmented_q_split_25_0.wav,16,27,q
augmented_q_split_25_1.wav,16,27,q
augmented_q_split_25_2.wav,16,27,q
augmented_q_split_2_0.wav,16,27,q
augmented_q_split_2_1.wav,16,27,q
augmented_q_split_2_2.wav,16,27,q
augmented_q_split_3_0.wav,16,27,q
augmented_q_split_3_1.wav,16,27,q
augmented_q_split_3_2.wav,16,27,q
augmented_q_split_4_0.wav,16,27,q
augmented_q_split_4_1.wav,16,27,q
augmented_q_split_4_2.wav,16,27,q
augmented_q_split_5_0.wav,16,27,q
augmented_q_split_5_1.wav,16,27,q
augmented_q_split_5_2.wav,16,27,q
augmented_q_split_6_0.wav,16,27,q
augmented_q_split_6_1.wav,16,27,q
augmented_q_split_6_2.wav,16,27,q
augmented_q_split_7_0.wav,16,27,q
augmented_q_split_7_1.wav,16,27,q
augmented_q_split_7_2.wav,16,27,q
augmented_q_split_8_0.wav,16,27,q
augmented_q_split_8_1.wav,16,27,q
augmented_q_split_8_2.wav,16,27,q
augmented_q_split_9_0.wav,16,27,q
augmented_q_split_9_1.wav,16,27,q
augmented_q_split_9_2.wav,16,27,q
augmented_r_split_10_0.wav,16,28,r
augmented_r_split_10_1.wav,16,28,r
augmented_r_split_10_2.wav,16,28,r
augmented_r_split_11_0.wav,16,28,r
augmented_r_split_11_1.wav,16,28,r
augmented_r_split_11_2.wav,16,28,r
augmented_r_split_12_0.wav,16,28,r
augmented_r_split_12_1.wav,16,28,r
augmented_r_split_12_2.wav,16,28,r
augmented_r_split_13_0.wav,16,28,r
augmented_r_split_13_1.wav,16,28,r
augmented_r_split_13_2.wav,16,28,r
augmented_r_split_14_0.wav,16,28,r
augmented_r_split_14_1.wav,16,28,r
augmented_r_split_14_2.wav,16,28,r
augmented_r_split_15_0.wav,16,28,r
augmented_r_split_15_1.wav,16,28,r
augmented_r_split_15_2.wav,16,28,r
augmented_r_split_16_0.wav,16,28,r
augmented_r_split_16_1.wav,16,28,r
augmented_r_split_16_2.wav,16,28,r
augmented_r_split_17_0.wav,16,28,r
augmented_r_split_17_1.wav,16,28,r
augmented_r_split_17_2.wav,16,28,r
augmented_r_split_18_0.wav,16,28,r
augmented_r_split_18_1.wav,16,28,r
augmented_r_split_18_2.wav,16,28,r
augmented_r_split_19_0.wav,16,28,r
augmented_r_split_19_1.wav,16,28,r
augmented_r_split_19_2.wav,16,28,r
augmented_r_split_1_0.wav,16,28,r
augmented_r_split_1_1.wav,16,28,r
augmented_r_split_1_2.wav,16,28,r
augmented_r_split_20_0.wav,16,28,r
augmented_r_split_20_1.wav,16,28,r
augmented_r_split_20_2.wav,16,28,r
augmented_r_split_21_0.wav,16,28,r
augmented_r_split_21_1.wav,16,28,r
augmented_r_split_21_2.wav,16,28,r
augmented_r_split_22_0.wav,16,28,r
augmented_r_split_22_1.wav,16,28,r
augmented_r_split_22_2.wav,16,28,r
augmented_r_split_23_0.wav,16,28,r
augmented_r_split_23_1.wav,16,28,r
augmented_r_split_23_2.wav,16,28,r
augmented_r_split_24_0.wav,16,28,r
augmented_r_split_24_1.wav,16,28,r
augmented_r_split_24_2.wav,16,28,r
augmented_r_split_25_0.wav,16,28,r
augmented_r_split_25_1.wav,16,28,r
augmented_r_split_25_2.wav,16,28,r
augmented_r_split_2_0.wav,16,28,r
augmented_r_split_2_1.wav,16,28,r
augmented_r_split_2_2.wav,16,28,r
augmented_r_split_3_0.wav,16,28,r
augmented_r_split_3_1.wav,16,28,r
augmented_r_split_3_2.wav,16,28,r
augmented_r_split_4_0.wav,16,28,r
augmented_r_split_4_1.wav,16,28,r
augmented_r_split_4_2.wav,16,28,r
augmented_r_split_5_0.wav,16,28,r
augmented_r_split_5_1.wav,16,28,r
augmented_r_split_5_2.wav,16,28,r
augmented_r_split_6_0.wav,16,28,r
augmented_r_split_6_1.wav,16,28,r
augmented_r_split_6_2.wav,16,28,r
augmented_r_split_7_0.wav,16,28,r
augmented_r_split_7_1.wav,16,28,r
augmented_r_split_7_2.wav,16,28,r
augmented_r_split_8_0.wav,16,28,r
augmented_r_split_8_1.wav,16,28,r
augmented_r_split_8_2.wav,16,28,r
augmented_r_split_9_0.wav,16,28,r
augmented_r_split_9_1.wav,16,28,r
augmented_r_split_9_2.wav,16,28,r
augmented_s_split_10_0.wav,16,29,s
augmented_s_split_10_1.wav,16,29,s
augmented_s_split_10_2.wav,16,29,s
augmented_s_split_11_0.wav,16,29,s
augmented_s_split_11_1.wav,16,29,s
augmented_s_split_11_2.wav,16,29,s
augmented_s_split_12_0.wav,16,29,s
augmented_s_split_12_1.wav,16,29,s
augmented_s_split_12_2.wav,16,29,s
augmented_s_split_13_0.wav,16,29,s
augmented_s_split_13_1.wav,16,29,s
augmented_s_split_13_2.wav,16,29,s
augmented_s_split_14_0.wav,16,29,s
augmented_s_split_14_1.wav,16,29,s
augmented_s_split_14_2.wav,16,29,s
augmented_s_split_15_0.wav,16,29,s
augmented_s_split_15_1.wav,16,29,s
augmented_s_split_15_2.wav,16,29,s
augmented_s_split_16_0.wav,16,29,s
augmented_s_split_16_1.wav,16,29,s
augmented_s_split_16_2.wav,16,29,s
augmented_s_split_17_0.wav,16,29,s
augmented_s_split_17_1.wav,16,29,s
augmented_s_split_17_2.wav,16,29,s
augmented_s_split_18_0.wav,16,29,s
augmented_s_split_18_1.wav,16,29,s
augmented_s_split_18_2.wav,16,29,s
augmented_s_split_19_0.wav,16,29,s
augmented_s_split_19_1.wav,16,29,s
augmented_s_split_19_2.wav,16,29,s
augmented_s_split_1_0.wav,16,29,s
augmented_s_split_1_1.wav,16,29,s
augmented_s_split_1_2.wav,16,29,s
augmented_s_split_20_0.wav,16,29,s
augmented_s_split_20_1.wav,16,29,s
augmented_s_split_20_2.wav,16,29,s
augmented_s_split_21_0.wav,16,29,s
augmented_s_split_21_1.wav,16,29,s
augmented_s_split_21_2.wav,16,29,s
augmented_s_split_22_0.wav,16,29,s
augmented_s_split_22_1.wav,16,29,s
augmented_s_split_22_2.wav,16,29,s
augmented_s_split_23_0.wav,16,29,s
augmented_s_split_23_1.wav,16,29,s
augmented_s_split_23_2.wav,16,29,s
augmented_s_split_24_0.wav,16,29,s
augmented_s_split_24_1.wav,16,29,s
augmented_s_split_24_2.wav,16,29,s
augmented_s_split_25_0.wav,16,29,s
augmented_s_split_25_1.wav,16,29,s
augmented_s_split_25_2.wav,16,29,s
augmented_s_split_2_0.wav,16,29,s
augmented_s_split_2_1.wav,16,29,s
augmented_s_split_2_2.wav,16,29,s
augmented_s_split_3_0.wav,16,29,s
augmented_s_split_3_1.wav,16,29,s
augmented_s_split_3_2.wav,16,29,s
augmented_s_split_4_0.wav,16,29,s
augmented_s_split_4_1.wav,16,29,s
augmented_s_split_4_2.wav,16,29,s
augmented_s_split_5_0.wav,16,29,s
augmented_s_split_5_1.wav,16,29,s
augmented_s_split_5_2.wav,16,29,s
augmented_s_split_6_0.wav,16,29,s
augmented_s_split_6_1.wav,16,29,s
augmented_s_split_6_2.wav,16,29,s
augmented_s_split_7_0.wav,16,29,s
augmented_s_split_7_1.wav,16,29,s
augmented_s_split_7_2.wav,16,29,s
augmented_s_split_8_0.wav,16,29,s
augmented_s_split_8_1.wav,16,29,s
augmented_s_split_8_2.wav,16,29,s
augmented_s_split_9_0.wav,16,29,s
augmented_s_split_9_1.wav,16,29,s
augmented_s_split_9_2.wav,16,29,s
augmented_t_split_10_0.wav,16,30,t
augmented_t_split_10_1.wav,16,30,t
augmented_t_split_10_2.wav,16,30,t
augmented_t_split_11_0.wav,16,30,t
augmented_t_split_11_1.wav,16,30,t
augmented_t_split_11_2.wav,16,30,t
augmented_t_split_12_0.wav,16,30,t
augmented_t_split_12_1.wav,16,30,t
augmented_t_split_12_2.wav,16,30,t
augmented_t_split_13_0.wav,16,30,t
augmented_t_split_13_1.wav,16,30,t
augmented_t_split_13_2.wav,16,30,t
augmented_t_split_14_0.wav,16,30,t
augmented_t_split_14_1.wav,16,30,t
augmented_t_split_14_2.wav,16,30,t
augmented_t_split_15_0.wav,16,30,t
augmented_t_split_15_1.wav,16,30,t
augmented_t_split_15_2.wav,16,30,t
augmented_t_split_16_0.wav,16,30,t
augmented_t_split_16_1.wav,16,30,t
augmented_t_split_16_2.wav,16,30,t
augmented_t_split_17_0.wav,16,30,t
augmented_t_split_17_1.wav,16,30,t
augmented_t_split_17_2.wav,16,30,t
augmented_t_split_18_0.wav,16,30,t
augmented_t_split_18_1.wav,16,30,t
augmented_t_split_18_2.wav,16,30,t
augmented_t_split_19_0.wav,16,30,t
augmented_t_split_19_1.wav,16,30,t
augmented_t_split_19_2.wav,16,30,t
augmented_t_split_1_0.wav,16,30,t
augmented_t_split_1_1.wav,16,30,t
augmented_t_split_1_2.wav,16,30,t
augmented_t_split_20_0.wav,16,30,t
augmented_t_split_20_1.wav,16,30,t
augmented_t_split_20_2.wav,16,30,t
augmented_t_split_21_0.wav,16,30,t
augmented_t_split_21_1.wav,16,30,t
augmented_t_split_21_2.wav,16,30,t
augmented_t_split_22_0.wav,16,30,t
augmented_t_split_22_1.wav,16,30,t
augmented_t_split_22_2.wav,16,30,t
augmented_t_split_23_0.wav,16,30,t
augmented_t_split_23_1.wav,16,30,t
augmented_t_split_23_2.wav,16,30,t
augmented_t_split_24_0.wav,16,30,t
augmented_t_split_24_1.wav,16,30,t
augmented_t_split_24_2.wav,16,30,t
augmented_t_split_25_0.wav,16,30,t
augmented_t_split_25_1.wav,16,30,t
augmented_t_split_25_2.wav,16,30,t
augmented_t_split_2_0.wav,16,30,t
augmented_t_split_2_1.wav,16,30,t
augmented_t_split_2_2.wav,16,30,t
augmented_t_split_3_0.wav,16,30,t
augmented_t_split_3_1.wav,16,30,t
augmented_t_split_3_2.wav,16,30,t
augmented_t_split_4_0.wav,16,30,t
augmented_t_split_4_1.wav,16,30,t
augmented_t_split_4_2.wav,16,30,t
augmented_t_split_5_0.wav,16,30,t
augmented_t_split_5_1.wav,16,30,t
augmented_t_split_5_2.wav,16,30,t
augmented_t_split_6_0.wav,16,30,t
augmented_t_split_6_1.wav,16,30,t
augmented_t_split_6_2.wav,16,30,t
augmented_t_split_7_0.wav,16,30,t
augmented_t_split_7_1.wav,16,30,t
augmented_t_split_7_2.wav,16,30,t
augmented_t_split_8_0.wav,16,30,t
augmented_t_split_8_1.wav,16,30,t
augmented_t_split_8_2.wav,16,30,t
augmented_t_split_9_0.wav,16,30,t
augmented_t_split_9_1.wav,16,30,t
augmented_t_split_9_2.wav,16,30,t
augmented_u_split_10_0.wav,16,31,u
augmented_u_split_10_1.wav,16,31,u
augmented_u_split_10_2.wav,16,31,u
augmented_u_split_11_0.wav,16,31,u
augmented_u_split_11_1.wav,16,31,u
augmented_u_split_11_2.wav,16,31,u
augmented_u_split_12_0.wav,16,31,u
augmented_u_split_12_1.wav,16,31,u
augmented_u_split_12_2.wav,16,31,u
augmented_u_split_13_0.wav,16,31,u
augmented_u_split_13_1.wav,16,31,u
augmented_u_split_13_2.wav,16,31,u
augmented_u_split_14_0.wav,16,31,u
augmented_u_split_14_1.wav,16,31,u
augmented_u_split_14_2.wav,16,31,u
augmented_u_split_15_0.wav,16,31,u
augmented_u_split_15_1.wav,16,31,u
augmented_u_split_15_2.wav,16,31,u
augmented_u_split_16_0.wav,16,31,u
augmented_u_split_16_1.wav,16,31,u
augmented_u_split_16_2.wav,16,31,u
augmented_u_split_17_0.wav,16,31,u
augmented_u_split_17_1.wav,16,31,u
augmented_u_split_17_2.wav,16,31,u
augmented_u_split_18_0.wav,16,31,u
augmented_u_split_18_1.wav,16,31,u
augmented_u_split_18_2.wav,16,31,u
augmented_u_split_19_0.wav,16,31,u
augmented_u_split_19_1.wav,16,31,u
augmented_u_split_19_2.wav,16,31,u
augmented_u_split_1_0.wav,16,31,u
augmented_u_split_1_1.wav,16,31,u
augmented_u_split_1_2.wav,16,31,u
augmented_u_split_20_0.wav,16,31,u
augmented_u_split_20_1.wav,16,31,u
augmented_u_split_20_2.wav,16,31,u
augmented_u_split_21_0.wav,16,31,u
augmented_u_split_21_1.wav,16,31,u
augmented_u_split_21_2.wav,16,31,u
augmented_u_split_22_0.wav,16,31,u
augmented_u_split_22_1.wav,16,31,u
augmented_u_split_22_2.wav,16,31,u
augmented_u_split_23_0.wav,16,31,u
augmented_u_split_23_1.wav,16,31,u
augmented_u_split_23_2.wav,16,31,u
augmented_u_split_24_0.wav,16,31,u
augmented_u_split_24_1.wav,16,31,u
augmented_u_split_24_2.wav,16,31,u
augmented_u_split_25_0.wav,16,31,u
augmented_u_split_25_1.wav,16,31,u
augmented_u_split_25_2.wav,16,31,u
augmented_u_split_2_0.wav,16,31,u
augmented_u_split_2_1.wav,16,31,u
augmented_u_split_2_2.wav,16,31,u
augmented_u_split_3_0.wav,16,31,u
augmented_u_split_3_1.wav,16,31,u
augmented_u_split_3_2.wav,16,31,u
augmented_u_split_4_0.wav,16,31,u
augmented_u_split_4_1.wav,16,31,u
augmented_u_split_4_2.wav,16,31,u
augmented_u_split_5_0.wav,16,31,u
augmented_u_split_5_1.wav,16,31,u
augmented_u_split_5_2.wav,16,31,u
augmented_u_split_6_0.wav,16,31,u
augmented_u_split_6_1.wav,16,31,u
augmented_u_split_6_2.wav,16,31,u
augmented_u_split_7_0.wav,16,31,u
augmented_u_split_7_1.wav,16,31,u
augmented_u_split_7_2.wav,16,31,u
augmented_u_split_8_0.wav,16,31,u
augmented_u_split_8_1.wav,16,31,u
augmented_u_split_8_2.wav,16,31,u
augmented_u_split_9_0.wav,16,31,u
augmented_u_split_9_1.wav,16,31,u
augmented_u_split_9_2.wav,16,31,u
augmented_v_split_10_0.wav,16,32,v
augmented_v_split_10_1.wav,16,32,v
augmented_v_split_10_2.wav,16,32,v
augmented_v_split_11_0.wav,16,32,v
augmented_v_split_11_1.wav,16,32,v
augmented_v_split_11_2.wav,16,32,v
augmented_v_split_12_0.wav,16,32,v
augmented_v_split_12_1.wav,16,32,v
augmented_v_split_12_2.wav,16,32,v
augmented_v_split_13_0.wav,16,32,v
augmented_v_split_13_1.wav,16,32,v
augmented_v_split_13_2.wav,16,32,v
augmented_v_split_14_0.wav,16,32,v
augmented_v_split_14_1.wav,16,32,v
augmented_v_split_14_2.wav,16,32,v
augmented_v_split_15_0.wav,16,32,v
augmented_v_split_15_1.wav,16,32,v
augmented_v_split_15_2.wav,16,32,v
augmented_v_split_16_0.wav,16,32,v
augmented_v_split_16_1.wav,16,32,v
augmented_v_split_16_2.wav,16,32,v
augmented_v_split_17_0.wav,16,32,v
augmented_v_split_17_1.wav,16,32,v
augmented_v_split_17_2.wav,16,32,v
augmented_v_split_18_0.wav,16,32,v
augmented_v_split_18_1.wav,16,32,v
augmented_v_split_18_2.wav,16,32,v
augmented_v_split_19_0.wav,16,32,v
augmented_v_split_19_1.wav,16,32,v
augmented_v_split_19_2.wav,16,32,v
augmented_v_split_1_0.wav,16,32,v
augmented_v_split_1_1.wav,16,32,v
augmented_v_split_1_2.wav,16,32,v
augmented_v_split_20_0.wav,16,32,v
augmented_v_split_20_1.wav,16,32,v
augmented_v_split_20_2.wav,16,32,v
augmented_v_split_21_0.wav,16,32,v
augmented_v_split_21_1.wav,16,32,v
augmented_v_split_21_2.wav,16,32,v
augmented_v_split_22_0.wav,16,32,v
augmented_v_split_22_1.wav,16,32,v
augmented_v_split_22_2.wav,16,32,v
augmented_v_split_23_0.wav,16,32,v
augmented_v_split_23_1.wav,16,32,v
augmented_v_split_23_2.wav,16,32,v
augmented_v_split_24_0.wav,16,32,v
augmented_v_split_24_1.wav,16,32,v
augmented_v_split_24_2.wav,16,32,v
augmented_v_split_25_0.wav,16,32,v
augmented_v_split_25_1.wav,16,32,v
augmented_v_split_25_2.wav,16,32,v
augmented_v_split_2_0.wav,16,32,v
augmented_v_split_2_1.wav,16,32,v
augmented_v_split_2_2.wav,16,32,v
augmented_v_split_3_0.wav,16,32,v
augmented_v_split_3_1.wav,16,32,v
augmented_v_split_3_2.wav,16,32,v
augmented_v_split_4_0.wav,16,32,v
augmented_v_split_4_1.wav,16,32,v
augmented_v_split_4_2.wav,16,32,v
augmented_v_split_5_0.wav,16,32,v
augmented_v_split_5_1.wav,16,32,v
augmented_v_split_5_2.wav,16,32,v
augmented_v_split_6_0.wav,16,32,v
augmented_v_split_6_1.wav,16,32,v
augmented_v_split_6_2.wav,16,32,v
augmented_v_split_7_0.wav,16,32,v
augmented_v_split_7_1.wav,16,32,v
augmented_v_split_7_2.wav,16,32,v
augmented_v_split_8_0.wav,16,32,v
augmented_v_split_8_1.wav,16,32,v
augmented_v_split_8_2.wav,16,32,v
augmented_v_split_9_0.wav,16,32,v
augmented_v_split_9_1.wav,16,32,v
augmented_v_split_9_2.wav,16,32,v
augmented_w_split_10_0.wav,16,33,w
augmented_w_split_10_1.wav,16,33,w
augmented_w_split_10_2.wav,16,33,w
augmented_w_split_11_0.wav,16,33,w
augmented_w_split_11_1.wav,16,33,w
augmented_w_split_11_2.wav,16,33,w
augmented_w_split_12_0.wav,16,33,w
augmented_w_split_12_1.wav,16,33,w
augmented_w_split_12_2.wav,16,33,w
augmented_w_split_13_0.wav,16,33,w
augmented_w_split_13_1.wav,16,33,w
augmented_w_split_13_2.wav,16,33,w
augmented_w_split_14_0.wav,16,33,w
augmented_w_split_14_1.wav,16,33,w
augmented_w_split_14_2.wav,16,33,w
augmented_w_split_15_0.wav,16,33,w
augmented_w_split_15_1.wav,16,33,w
augmented_w_split_15_2.wav,16,33,w
augmented_w_split_16_0.wav,16,33,w
augmented_w_split_16_1.wav,16,33,w
augmented_w_split_16_2.wav,16,33,w
augmented_w_split_17_0.wav,16,33,w
augmented_w_split_17_1.wav,16,33,w
augmented_w_split_17_2.wav,16,33,w
augmented_w_split_18_0.wav,16,33,w
augmented_w_split_18_1.wav,16,33,w
augmented_w_split_18_2.wav,16,33,w
augmented_w_split_19_0.wav,16,33,w
augmented_w_split_19_1.wav,16,33,w
augmented_w_split_19_2.wav,16,33,w
augmented_w_split_1_0.wav,16,33,w
augmented_w_split_1_1.wav,16,33,w
augmented_w_split_1_2.wav,16,33,w
augmented_w_split_20_0.wav,16,33,w
augmented_w_split_20_1.wav,16,33,w
augmented_w_split_20_2.wav,16,33,w
augmented_w_split_21_0.wav,16,33,w
augmented_w_split_21_1.wav,16,33,w
augmented_w_split_21_2.wav,16,33,w
augmented_w_split_22_0.wav,16,33,w
augmented_w_split_22_1.wav,16,33,w
augmented_w_split_22_2.wav,16,33,w
augmented_w_split_23_0.wav,16,33,w
augmented_w_split_23_1.wav,16,33,w
augmented_w_split_23_2.wav,16,33,w
augmented_w_split_24_0.wav,16,33,w
augmented_w_split_24_1.wav,16,33,w
augmented_w_split_24_2.wav,16,33,w
augmented_w_split_25_0.wav,16,33,w
augmented_w_split_25_1.wav,16,33,w
augmented_w_split_25_2.wav,16,33,w
augmented_w_split_2_0.wav,16,33,w
augmented_w_split_2_1.wav,16,33,w
augmented_w_split_2_2.wav,16,33,w
augmented_w_split_3_0.wav,16,33,w
augmented_w_split_3_1.wav,16,33,w
augmented_w_split_3_2.wav,16,33,w
augmented_w_split_4_0.wav,16,33,w
augmented_w_split_4_1.wav,16,33,w
augmented_w_split_4_2.wav,16,33,w
augmented_w_split_5_0.wav,16,33,w
augmented_w_split_5_1.wav,16,33,w
augmented_w_split_5_2.wav,16,33,w
augmented_w_split_6_0.wav,16,33,w
augmented_w_split_6_1.wav,16,33,w
augmented_w_split_6_2.wav,16,33,w
augmented_w_split_7_0.wav,16,33,w
augmented_w_split_7_1.wav,16,33,w
augmented_w_split_7_2.wav,16,33,w
augmented_w_split_8_0.wav,16,33,w
augmented_w_split_8_1.wav,16,33,w
augmented_w_split_8_2.wav,16,33,w
augmented_w_split_9_0.wav,16,33,w
augmented_w_split_9_1.wav,16,33,w
augmented_w_split_9_2.wav,16,33,w
augmented_x_split_10_0.wav,16,34,x
augmented_x_split_10_1.wav,16,34,x
augmented_x_split_10_2.wav,16,34,x
augmented_x_split_11_0.wav,16,34,x
augmented_x_split_11_1.wav,16,34,x
augmented_x_split_11_2.wav,16,34,x
augmented_x_split_12_0.wav,16,34,x
augmented_x_split_12_1.wav,16,34,x
augmented_x_split_12_2.wav,16,34,x
augmented_x_split_13_0.wav,16,34,x
augmented_x_split_13_1.wav,16,34,x
augmented_x_split_13_2.wav,16,34,x
augmented_x_split_14_0.wav,16,34,x
augmented_x_split_14_1.wav,16,34,x
augmented_x_split_14_2.wav,16,34,x
augmented_x_split_15_0.wav,16,34,x
augmented_x_split_15_1.wav,16,34,x
augmented_x_split_15_2.wav,16,34,x
augmented_x_split_16_0.wav,16,34,x
augmented_x_split_16_1.wav,16,34,x
augmented_x_split_16_2.wav,16,34,x
augmented_x_split_17_0.wav,16,34,x
augmented_x_split_17_1.wav,16,34,x
augmented_x_split_17_2.wav,16,34,x
augmented_x_split_18_0.wav,16,34,x
augmented_x_split_18_1.wav,16,34,x
augmented_x_split_18_2.wav,16,34,x
augmented_x_split_19_0.wav,16,34,x
augmented_x_split_19_1.wav,16,34,x
augmented_x_split_19_2.wav,16,34,x
augmented_x_split_1_0.wav,16,34,x
augmented_x_split_1_1.wav,16,34,x
augmented_x_split_1_2.wav,16,34,x
augmented_x_split_20_0.wav,16,34,x
augmented_x_split_20_1.wav,16,34,x
augmented_x_split_20_2.wav,16,34,x
augmented_x_split_21_0.wav,16,34,x
augmented_x_split_21_1.wav,16,34,x
augmented_x_split_21_2.wav,16,34,x
augmented_x_split_22_0.wav,16,34,x
augmented_x_split_22_1.wav,16,34,x
augmented_x_split_22_2.wav,16,34,x
augmented_x_split_23_0.wav,16,34,x
augmented_x_split_23_1.wav,16,34,x
augmented_x_split_23_2.wav,16,34,x
augmented_x_split_24_0.wav,16,34,x
augmented_x_split_24_1.wav,16,34,x
augmented_x_split_24_2.wav,16,34,x
augmented_x_split_25_0.wav,16,34,x
augmented_x_split_25_1.wav,16,34,x
augmented_x_split_25_2.wav,16,34,x
augmented_x_split_2_0.wav,16,34,x
augmented_x_split_2_1.wav,16,34,x
augmented_x_split_2_2.wav,16,34,x
augmented_x_split_3_0.wav,16,34,x
augmented_x_split_3_1.wav,16,34,x
augmented_x_split_3_2.wav,16,34,x
augmented_x_split_4_0.wav,16,34,x
augmented_x_split_4_1.wav,16,34,x
augmented_x_split_4_2.wav,16,34,x
augmented_x_split_5_0.wav,16,34,x
augmented_x_split_5_1.wav,16,34,x
augmented_x_split_5_2.wav,16,34,x
augmented_x_split_6_0.wav,16,34,x
augmented_x_split_6_1.wav,16,34,x
augmented_x_split_6_2.wav,16,34,x
augmented_x_split_7_0.wav,16,34,x
augmented_x_split_7_1.wav,16,34,x
augmented_x_split_7_2.wav,16,34,x
augmented_x_split_8_0.wav,16,34,x
augmented_x_split_8_1.wav,16,34,x
augmented_x_split_8_2.wav,16,34,x
augmented_x_split_9_0.wav,16,34,x
augmented_x_split_9_1.wav,16,34,x
augmented_x_split_9_2.wav,16,34,x
augmented_y_split_10_0.wav,16,35,y
augmented_y_split_10_1.wav,16,35,y
augmented_y_split_10_2.wav,16,35,y
augmented_y_split_11_0.wav,16,35,y
augmented_y_split_11_1.wav,16,35,y
augmented_y_split_11_2.wav,16,35,y
augmented_y_split_12_0.wav,16,35,y
augmented_y_split_12_1.wav,16,35,y
augmented_y_split_12_2.wav,16,35,y
augmented_y_split_13_0.wav,16,35,y
augmented_y_split_13_1.wav,16,35,y
augmented_y_split_13_2.wav,16,35,y
augmented_y_split_14_0.wav,16,35,y
augmented_y_split_14_1.wav,16,35,y
augmented_y_split_14_2.wav,16,35,y
augmented_y_split_15_0.wav,16,35,y
augmented_y_split_15_1.wav,16,35,y
augmented_y_split_15_2.wav,16,35,y
augmented_y_split_16_0.wav,16,35,y
augmented_y_split_16_1.wav,16,35,y
augmented_y_split_16_2.wav,16,35,y
augmented_y_split_17_0.wav,16,35,y
augmented_y_split_17_1.wav,16,35,y
augmented_y_split_17_2.wav,16,35,y
augmented_y_split_18_0.wav,16,35,y
augmented_y_split_18_1.wav,16,35,y
augmented_y_split_18_2.wav,16,35,y
augmented_y_split_19_0.wav,16,35,y
augmented_y_split_19_1.wav,16,35,y
augmented_y_split_19_2.wav,16,35,y
augmented_y_split_1_0.wav,16,35,y
augmented_y_split_1_1.wav,16,35,y
augmented_y_split_1_2.wav,16,35,y
augmented_y_split_20_0.wav,16,35,y
augmented_y_split_20_1.wav,16,35,y
augmented_y_split_20_2.wav,16,35,y
augmented_y_split_21_0.wav,16,35,y
augmented_y_split_21_1.wav,16,35,y
augmented_y_split_21_2.wav,16,35,y
augmented_y_split_22_0.wav,16,35,y
augmented_y_split_22_1.wav,16,35,y
augmented_y_split_22_2.wav,16,35,y
augmented_y_split_23_0.wav,16,35,y
augmented_y_split_23_1.wav,16,35,y
augmented_y_split_23_2.wav,16,35,y
augmented_y_split_24_0.wav,16,35,y
augmented_y_split_24_1.wav,16,35,y
augmented_y_split_24_2.wav,16,35,y
augmented_y_split_25_0.wav,16,35,y
augmented_y_split_25_1.wav,16,35,y
augmented_y_split_25_2.wav,16,35,y
augmented_y_split_2_0.wav,16,35,y
augmented_y_split_2_1.wav,16,35,y
augmented_y_split_2_2.wav,16,35,y
augmented_y_split_3_0.wav,16,35,y
augmented_y_split_3_1.wav,16,35,y
augmented_y_split_3_2.wav,16,35,y
augmented_y_split_4_0.wav,16,35,y
augmented_y_split_4_1.wav,16,35,y
augmented_y_split_4_2.wav,16,35,y
augmented_y_split_5_0.wav,16,35,y
augmented_y_split_5_1.wav,16,35,y
augmented_y_split_5_2.wav,16,35,y
augmented_y_split_6_0.wav,16,35,y
augmented_y_split_6_1.wav,16,35,y
augmented_y_split_6_2.wav,16,35,y
augmented_y_split_7_0.wav,16,35,y
augmented_y_split_7_1.wav,16,35,y
augmented_y_split_7_2.wav,16,35,y
augmented_y_split_8_0.wav,16,35,y
augmented_y_split_8_1.wav,16,35,y
augmented_y_split_8_2.wav,16,35,y
augmented_y_split_9_0.wav,16,35,y
augmented_y_split_9_1.wav,16,35,y
augmented_y_split_9_2.wav,16,35,y
augmented_z_split_10_0.wav,16,36,z
augmented_z_split_10_1.wav,16,36,z
augmented_z_split_10_2.wav,16,36,z
augmented_z_split_11_0.wav,16,36,z
augmented_z_split_11_1.wav,16,36,z
augmented_z_split_11_2.wav,16,36,z
augmented_z_split_12_0.wav,16,36,z
augmented_z_split_12_1.wav,16,36,z
augmented_z_split_12_2.wav,16,36,z
augmented_z_split_13_0.wav,16,36,z
augmented_z_split_13_1.wav,16,36,z
augmented_z_split_13_2.wav,16,36,z
augmented_z_split_14_0.wav,16,36,z
augmented_z_split_14_1.wav,16,36,z
augmented_z_split_14_2.wav,16,36,z
augmented_z_split_15_0.wav,16,36,z
augmented_z_split_15_1.wav,16,36,z
augmented_z_split_15_2.wav,16,36,z
augmented_z_split_16_0.wav,16,36,z
augmented_z_split_16_1.wav,16,36,z
augmented_z_split_16_2.wav,16,36,z
augmented_z_split_17_0.wav,16,36,z
augmented_z_split_17_1.wav,16,36,z
augmented_z_split_17_2.wav,16,36,z
augmented_z_split_18_0.wav,16,36,z
augmented_z_split_18_1.wav,16,36,z
augmented_z_split_18_2.wav,16,36,z
augmented_z_split_19_0.wav,16,36,z
augmented_z_split_19_1.wav,16,36,z
augmented_z_split_19_2.wav,16,36,z
augmented_z_split_1_0.wav,16,36,z
augmented_z_split_1_1.wav,16,36,z
augmented_z_split_1_2.wav,16,36,z
augmented_z_split_20_0.wav,16,36,z
augmented_z_split_20_1.wav,16,36,z
augmented_z_split_20_2.wav,16,36,z
augmented_z_split_21_0.wav,16,36,z
augmented_z_split_21_1.wav,16,36,z
augmented_z_split_21_2.wav,16,36,z
augmented_z_split_22_0.wav,16,36,z
augmented_z_split_22_1.wav,16,36,z
augmented_z_split_22_2.wav,16,36,z
augmented_z_split_23_0.wav,16,36,z
augmented_z_split_23_1.wav,16,36,z
augmented_z_split_23_2.wav,16,36,z
augmented_z_split_24_0.wav,16,36,z
augmented_z_split_24_1.wav,16,36,z
augmented_z_split_24_2.wav,16,36,z
augmented_z_split_25_0.wav,16,36,z
augmented_z_split_25_1.wav,16,36,z
augmented_z_split_25_2.wav,16,36,z
augmented_z_split_2_0.wav,16,36,z
augmented_z_split_2_1.wav,16,36,z
augmented_z_split_2_2.wav,16,36,z
augmented_z_split_3_0.wav,16,36,z
augmented_z_split_3_1.wav,16,36,z
augmented_z_split_3_2.wav,16,36,z
augmented_z_split_4_0.wav,16,36,z
augmented_z_split_4_1.wav,16,36,z
augmented_z_split_4_2.wav,16,36,z
augmented_z_split_5_0.wav,16,36,z
augmented_z_split_5_1.wav,16,36,z
augmented_z_split_5_2.wav,16,36,z
augmented_z_split_6_0.wav,16,36,z
augmented_z_split_6_1.wav,16,36,z
augmented_z_split_6_2.wav,16,36,z
augmented_z_split_7_0.wav,16,36,z
augmented_z_split_7_1.wav,16,36,z
augmented_z_split_7_2.wav,16,36,z
augmented_z_split_8_0.wav,16,36,z
augmented_z_split_8_1.wav,16,36,z
augmented_z_split_8_2.wav,16,36,z
augmented_z_split_9_0.wav,16,36,z
augmented_z_split_9_1.wav,16,36,z
augmented_z_split_9_2.wav,16,36,z
